client_id,model,MAE,RMSE,MAPE,SMAPE,Forecast_Accuracy_pct,n_test_rows
MT_001,Naïve (Lag-24h),0.6673523552207861,1.119204288158898,51.426364869574314,33.91339165867354,48.573635130425686,744
MT_002,Naïve (Lag-24h),1.1261261261261282,1.8436361263997332,4.653422194774271,4.646294690252533,95.34657780522573,744
MT_003,Naïve (Lag-24h),0.17633100716534497,0.34508494378320376,11.020114518098397,10.597609004381065,88.9798854819016,744
MT_004,XGBoost-Optuna,12.119597830423487,16.491107959609067,8.421013415401966,8.41118954227579,91.57898658459803,744
MT_005,XGBoost-Optuna,6.066114113520309,7.7323769382206295,8.734965282713633,8.884569403299707,91.26503471728637,744
MT_006,XGBoost-Optuna,18.890491575933517,25.760005464930906,8.037722933210745,8.123978521611896,91.96227706678926,744
MT_007,Naïve (Lag-24h),0.769487347812081,1.069464039468423,15.493707912247345,15.224947763123403,84.50629208775266,744
MT_008,XGBoost-Optuna,21.843376864367034,30.411825526448084,7.931519744562027,7.879403515002657,92.06848025543798,744
MT_009,XGBoost-Optuna,6.200179557117611,8.599765801291403,10.406211636041306,10.345160709125436,89.5937883639587,744
MT_010,XGBoost-Optuna,10.274181486044421,15.875191209099908,17.969166228393956,15.899895777925105,82.03083377160604,744
MT_011,XGBoost-Optuna,3.7907866758446276,5.001320141857772,8.95947429971649,8.86456219070402,91.04052570028351,744
MT_012,XGBoost-Optuna,14.043597525738669,19.926273382412514,8.659898432706608,8.648984922050474,91.34010156729339,744
MT_013,XGBoost-Optuna,11.257392096190838,17.902701629345312,19.81352120726447,16.849096153306228,80.18647879273553,744
MT_014,XGBoost-Optuna,5.8676615043991065,8.381991526409145,10.975340583523112,10.603645811539465,89.0246594164769,744
MT_015,XGBoost-Optuna,4.253077704821927,6.223402506524527,7.868241715747833,7.664071418145707,92.13175828425217,744
MT_016,XGBoost-Optuna,4.515799053417171,6.981731975342739,10.832646529214522,11.22020188977612,89.16735347078549,744
MT_017,XGBoost-Optuna,3.7202848778952675,5.050335246916915,6.666007977305139,6.745598620270214,93.33399202269486,744
MT_018,XGBoost-Optuna,29.164411520490223,38.79536434047386,10.397914263216284,10.319628587163615,89.60208573678372,744
MT_019,Naïve (Lag-24h),1.2486829307829488,1.651590491745107,14.211333959729771,13.976118576294969,85.78866604027023,744
MT_020,XGBoost-Optuna,5.672957190637873,7.064853146029392,12.18626402475631,12.010109606523121,87.81373597524369,744
MT_021,XGBoost-Optuna,14.294725010431698,19.698967574023456,7.721048821075989,7.84367564419457,92.27895117892402,744
MT_022,XGBoost-Optuna,4.229030051732174,6.57392544623672,15.108078803270034,13.348783302823247,84.89192119672997,744
MT_023,XGBoost-Optuna,1.4932050721325476,2.255258336047186,17.705027442558258,14.300914762044211,82.29497255744174,744
MT_024,XGBoost-Optuna,3.1474169223574444,4.210396928025196,8.528570550779598,8.476486583263315,91.47142944922041,744
MT_025,XGBoost-Optuna,21.897192918311497,28.748248390456272,8.79011921760716,8.691368224158726,91.20988078239284,744
MT_026,XGBoost-Optuna,3.1570101542965565,4.347623358095432,11.88765658739711,11.849748220393797,88.11234341260288,744
MT_027,XGBoost-Optuna,2.3785240203444666,3.1274136800393197,9.106834918300729,9.109563164195656,90.89316508169927,744
MT_028,XGBoost-Optuna,7.601583375752828,10.423334947888286,8.470130641939486,8.791449999202062,91.52986935806051,744
MT_029,XGBoost-Optuna,12.0898158877596,18.045167285308953,15.561683256906594,14.048417203618222,84.43831674309341,744
MT_030,XGBoost-Optuna,3.563617211715848,4.787292933225977,7.967352136652431,7.929474907921111,92.03264786334756,744
MT_031,XGBoost-Optuna,9.156330275144287,12.31195266635059,8.868112972865823,8.945886084611589,91.13188702713418,744
MT_032,XGBoost-Optuna,2.100296718672613,2.6307570807468896,8.110028016793155,8.159877244747433,91.88997198320685,744
MT_033,XGBoost-Optuna,3.8975567251547094,5.241870558016626,7.578924940121981,7.523011942612282,92.42107505987802,744
MT_034,Naïve (Lag-24h),1.4830574296419539,2.21335368062116,8.547998118426031,8.391052963083585,91.45200188157396,744
MT_035,XGBoost-Optuna,12.387101904229569,16.705678206608255,8.743337268286098,8.916054202579186,91.2566627317139,744
MT_036,XGBoost-Optuna,9.365923248660112,14.631063156918525,45.25735211878451,30.80690196753764,54.74264788121549,744
MT_037,XGBoost-Optuna,9.25483650884599,12.372189741251493,7.057887502971385,7.158427770820299,92.94211249702862,744
MT_038,XGBoost-Optuna,10.652412115987321,14.817883680021326,8.128448891582467,8.081048386632459,91.87155110841753,744
MT_039,XGBoost-Optuna,5.276054908482989,7.58961879895511,10.317063525253605,10.240649478108631,89.6829364747464,744
MT_040,XGBoost-Optuna,5.086501946534359,7.351326346797518,14.486823861363627,13.81331456829905,85.51317613863637,744
MT_041,XGBoost-Optuna,7.257774157724544,9.418732228635962,7.1744363531285105,7.222481904339108,92.82556364687149,744
MT_042,XGBoost-Optuna,4.467788034009801,6.000702397199751,8.300791571666032,8.541560917318918,91.69920842833398,744
MT_043,XGBoost-Optuna,96.38495274279941,131.54721697552952,7.77678900282398,7.848729517989293,92.22321099717603,744
MT_044,XGBoost-Optuna,4.076494792487972,5.3995960368492035,10.035278197265342,10.355271052883767,89.96472180273466,744
MT_045,XGBoost-Optuna,20.47871763673283,29.247688535784356,28.6062102796304,22.389955442731143,71.3937897203696,744
MT_046,XGBoost-Optuna,16.168969675785448,21.675072779187047,10.019272616084967,10.083037356145015,89.98072738391504,744
MT_047,XGBoost-Optuna,2.811098699646178,3.7303862713758265,9.36521140130111,9.136955919933746,90.63478859869889,744
MT_048,XGBoost-Optuna,1.8186528732713825,2.3847045885342757,10.56576506180263,10.495959449857448,89.43423493819736,744
MT_049,XGBoost-Optuna,81.69527137474572,109.69335632164858,7.331682344145754,7.530314540536407,92.66831765585425,744
MT_050,XGBoost-Optuna,17.17952560833821,23.575418363994196,7.845484370152676,7.978021830420992,92.15451562984732,744
MT_051,XGBoost-Optuna,5.296025784185636,6.8584646800381215,8.799948078356929,8.870209491638953,91.20005192164307,744
MT_052,XGBoost-Optuna,3.014422798099767,3.9606338125989025,8.356050321454807,8.350003965984074,91.6439496785452,744
MT_053,XGBoost-Optuna,7.279714900874345,10.764731171413453,9.023293466953316,9.254953446037142,90.97670653304668,744
MT_054,XGBoost-Optuna,4.785913115985575,6.454044675500969,5.754065243150731,5.778266154081874,94.24593475684927,744
MT_055,XGBoost-Optuna,2.288696559956547,3.2405702466143773,10.232775201622726,10.421770281076387,89.76722479837727,744
MT_056,XGBoost-Optuna,2.8766455288549664,3.9805945178287763,6.470671315430213,6.574192468458081,93.52932868456979,744
MT_057,XGBoost,2.4654959663468965,4.416426364424126,97.23106508475999,15.046812677431037,2.76893491524001,744
MT_058,XGBoost-Optuna,9.468404075999835,12.599438217247194,9.771783447708579,10.009843240937991,90.22821655229143,744
MT_059,XGBoost-Optuna,15.604691298873346,20.16343909719948,11.633820040143428,11.414895174340424,88.36617995985657,744
MT_060,XGBoost-Optuna,2.3256422628389433,3.0881779921244457,7.7093607160383755,7.731059105289138,92.29063928396162,744
MT_061,XGBoost-Optuna,9.250387516245937,11.719668922550593,11.297219104046182,11.052825409368664,88.70278089595382,744
MT_062,XGBoost-Optuna,6.194626049541612,8.054283507193723,7.745529360079556,7.952519919034211,92.25447063992044,744
MT_063,XGBoost-Optuna,2.8051610610948967,3.8241541479176044,12.69400833778149,12.226658012110205,87.3059916622185,744
MT_064,XGBoost-Optuna,133.25259425707816,210.0963697105259,10.5977703171932,9.086059421307619,89.4022296828068,744
MT_065,XGBoost-Optuna,6.663580320214709,8.734308495397677,8.911045480846107,8.88215202142255,91.08895451915389,744
MT_066,XGBoost-Optuna,5.58176293413066,7.453969083133275,8.570795290806815,8.754960103726118,91.42920470919319,744
MT_067,XGBoost-Optuna,18.29977502665529,23.544370083190657,8.865928573909027,8.909975018083475,91.13407142609097,744
MT_068,XGBoost-Optuna,13.639028968084885,18.852924845356036,9.079483180940196,8.975786617940482,90.9205168190598,744
MT_069,XGBoost-Optuna,14.866571152763528,20.18850957880009,7.148449037167769,7.283816151612624,92.85155096283223,744
MT_070,XGBoost-Optuna,4.098289962486203,5.443118772870259,8.87190941093032,8.885436366898256,91.12809058906969,744
MT_071,XGBoost-Optuna,4.036350677291599,5.509862538777964,6.754449015855012,6.819023568146967,93.24555098414498,744
MT_072,XGBoost-Optuna,8.590932697294745,11.126649823335937,6.694358124029528,6.870908911494218,93.30564187597047,744
MT_073,XGBoost-Optuna,3.553998422670136,4.657749948436532,7.1319512382011006,7.122115484190755,92.8680487617989,744
MT_074,XGBoost-Optuna,7.640427627127899,10.343595901582795,7.149311745946936,7.249786859192267,92.85068825405307,744
MT_075,XGBoost-Optuna,4.703006660592346,6.138819942772056,7.466550050044965,7.649283741410269,92.53344994995504,744
MT_076,XGBoost-Optuna,5.782021034534224,8.0795385401865,7.21571688911899,7.476051979082619,92.784283110881,744
MT_077,XGBoost-Optuna,5.323345385392782,8.039311247921727,14.412213972437584,12.97480641112904,85.58778602756242,744
MT_078,XGBoost-Optuna,3.591384351508062,4.587766359268017,7.4059588058514,7.474635629342043,92.5940411941486,744
MT_079,XGBoost-Optuna,4.299395271852095,5.487799601453174,12.161429556603128,12.344464766214273,87.83857044339688,744
MT_080,XGBoost-Optuna,2.109468507072269,2.740803507989843,12.757869483321768,12.300013597992354,87.24213051667823,744
MT_081,XGBoost-Optuna,8.971203956408779,12.234998658163548,7.404844421941062,7.569976763400339,92.59515557805894,744
MT_082,XGBoost-Optuna,2.418282695399669,3.3310152726345765,5.637690393402119,5.478046030242165,94.36230960659788,744
MT_083,XGBoost-Optuna,6.258664723682511,8.470550786246907,7.068832016378569,7.20897211143408,92.93116798362144,744
MT_084,XGBoost-Optuna,29.973077645800924,44.62015348689112,10.37525895522892,10.146871258290496,89.62474104477108,744
MT_085,XGBoost-Optuna,11.62461484804731,15.388809842411435,8.109642430708082,8.304689199746228,91.89035756929192,744
MT_086,LightGBM,44.98141316100731,60.484402160728095,8.832964270747361,8.88127342008297,91.16703572925263,744
MT_087,XGBoost-Optuna,12.52819111918977,17.08102592714614,8.545286272613625,8.768299292852305,91.45471372738638,744
MT_088,XGBoost-Optuna,27.520978437672085,40.61211479308261,14.150438955168152,13.957859885535376,85.84956104483184,744
MT_089,XGBoost-Optuna,26.315721185865097,36.30983199866611,10.462720823703105,10.628560853588972,89.53727917629689,744
MT_090,XGBoost-Optuna,22.03165503950614,30.804173840048822,79.33928687350044,39.85127365993099,20.66071312649956,744
MT_091,XGBoost,8.142979392996336,11.7719734259543,7.581240389455397,7.288411706164968,92.4187596105446,744
MT_092,XGBoost-Optuna,8.686838525665658,14.191985630595378,13.97691964228761,13.396527254578347,86.02308035771239,744
MT_093,XGBoost-Optuna,13.965251407249552,30.718387735900034,168.1668366730722,71.2100641624832,0.0,744
MT_094,XGBoost-Optuna,15.501019939757478,28.20594121465631,46.63856198532518,36.78307930372246,53.36143801467482,744
MT_095,XGBoost-Optuna,5.541782035022593,8.273660416365386,56.77863762624965,39.62471190885373,43.22136237375035,744
MT_096,XGBoost-Optuna,2.204275038785905,3.078302360357249,22.420035105763702,19.038159493460842,77.5799648942363,744
MT_097,XGBoost-Optuna,25.84071723751509,38.297909611072384,15.936352833371037,14.355153122360736,84.06364716662897,744
MT_098,XGBoost-Optuna,49.01746874740322,89.43683369977299,8.739307884944171,7.807084130072312,91.26069211505583,744
MT_099,XGBoost-Optuna,78.7188952866421,145.55203967629134,9.220950137403277,7.914062367657598,90.77904986259672,744
MT_100,Naïve (Lag-24h),2.908308635081541,8.616682420219847,17.33374407993331,10.175304799205346,82.66625592006669,744
MT_101,XGBoost-Optuna,33.186935449637176,70.78910689965824,8.725560322538042,6.836230641921926,91.27443967746196,744
MT_102,Naïve (Lag-24h),55.13778657263394,121.67575274672188,7.418977099736647,7.105028122847269,92.58102290026335,744
MT_103,XGBoost-Optuna,68.36618155035706,141.77535129644068,9.465617977168677,7.216643517158723,90.53438202283132,744
MT_104,XGBoost-Optuna,27.130373543270508,63.26322232317219,9.901150969824934,7.126233411235074,90.09884903017506,744
MT_105,XGBoost-Optuna,22.72759085341522,36.395540892176896,18.306823480292984,13.438773680068076,81.69317651970701,744
MT_106,XGBoost-Optuna,6.873412252148076,12.01918182640278,15.676838573354434,13.40909495216942,84.32316142664557,744
MT_107,Naïve (Lag-24h),0.48353853499912214,2.486521224448674,3.4566638766844267,2.8941653936669467,96.54333612331557,744
MT_108,Naïve (Lag-24h),0.22511594588207548,1.2946652130021328,0.6086330059130656,0.6758300808285095,99.39136699408694,744
MT_109,XGBoost-Optuna,13.048313940506866,17.950505059505563,18.963593918421783,17.17427400473409,81.03640608157822,744
MT_110,XGBoost-Optuna,10.556724884295454,14.339137482642489,51.43939108095822,37.40256091652129,48.56060891904178,744
MT_111,XGBoost-Optuna,8.284206493196345,12.864736234268014,15.733563593758019,14.676264082399673,84.26643640624198,744
MT_112,XGBoost-Optuna,8.08170252643817,10.062902281003113,14.801473428019863,14.868642576239544,85.19852657198014,744
MT_113,XGBoost-Optuna,3.33085944433567,4.384685308397402,11.384356451923727,11.351355553859378,88.61564354807628,744
MT_114,XGBoost-Optuna,37.8095597096898,56.73385349976833,11.832015045755801,10.842381270371245,88.1679849542442,744
MT_115,XGBoost-Optuna,4.8845795973120865,6.5114506021884,21.30102030052673,20.36129733872114,78.69897969947327,744
MT_116,XGBoost-Optuna,7.557495792981772,10.018892985811942,15.698460647404936,15.611442644320386,84.30153935259506,744
MT_117,Naïve (Lag-24h),1.2247212393021725,3.658673250145476,24.00082850178661,17.797860795381524,75.99917149821339,744
MT_118,Naïve (Lag-24h),7.328962351177607,10.521025493898732,7.131816537527745,7.257308555899571,92.86818346247226,744
MT_119,XGBoost-Optuna,10.873081061747872,17.175583139144035,12.706597653925437,13.121557395056069,87.29340234607456,744
MT_120,XGBoost-Optuna,3.709287758205559,5.12681250177695,9.761684380653408,9.92851940291137,90.2383156193466,744
MT_121,Naïve (Lag-24h),32.33605015237106,48.83680271730931,17.36348923921204,17.52070190962853,82.63651076078796,744
MT_122,XGBoost-Optuna,5.94358331240163,7.73641817238937,18.256361739746797,18.844353950587507,81.7436382602532,744
MT_123,XGBoost-Optuna,5.700216468403305,10.404782954618884,10.58020584422303,8.825771096050508,89.41979415577697,744
MT_124,XGBoost-Optuna,34.23423359409652,50.98803934729347,20.016718213880015,15.310377633387299,79.98328178611999,744
MT_125,XGBoost-Optuna,5.195488908809612,8.386619203253433,34.58843822884574,20.63754523055573,65.41156177115425,744
MT_126,XGBoost-Optuna,6.216610079140738,9.886965703841678,15.72414640045875,12.21141679582961,84.27585359954125,744
MT_127,XGBoost-Optuna,13.089430320515191,23.319013782280972,2511.3129530924807,87.90286876456739,0.0,744
MT_128,XGBoost-Optuna,41.16294600166169,61.66962005409789,19.52999898815893,17.078166600697525,80.47000101184108,744
MT_129,XGBoost-Optuna,6.3582466318763124,8.673816465282764,5.1907565847498365,5.051217694878084,94.80924341525017,744
MT_130,XGBoost-Optuna,22.155002546362578,34.69699845638343,31.68784481320706,117.55653125242387,68.31215518679294,744
MT_131,XGBoost-Optuna,17.245609656510396,29.270038116172632,31.417052575585252,106.8775160157737,68.58294742441475,744
MT_132,XGBoost-Optuna,5.503138564108468,8.168685941846295,19.97457052826638,102.23169085076364,80.02542947173362,744
MT_133,Naïve (Lag-24h),0.3778297261899593,1.0185758673953391,12.711324039515256,27.21464410922168,87.28867596048474,744
MT_134,XGBoost-Optuna,4.108847995877727,6.0728944873234125,62.3916960028699,38.694150314905364,37.6083039971301,744
MT_135,XGBoost-Optuna,3.134094450908253,4.210965706549169,16.451388732756357,14.573528239946848,83.54861126724364,744
MT_136,XGBoost-Optuna,13.906808912471519,25.56225419317193,19.244692123773167,12.891901470999597,80.75530787622684,744
MT_137,XGBoost-Optuna,4.885893477181397,7.989728066881716,7.9029764929976665,7.518504780576951,92.09702350700233,744
MT_138,XGBoost-Optuna,17.306195185441172,21.81864091550332,20.57762120561421,18.90676679929404,79.42237879438579,744
MT_139,XGBoost-Optuna,28.961299622578597,43.99839883825395,9.734907698076139,9.452286380205917,90.26509230192386,744
MT_140,XGBoost-Optuna,32.61218646046405,54.70862257414378,43.589729234999034,40.151458471855584,56.410270765000966,744
MT_141,Naïve (Lag-24h),0.14179141551301086,0.1958116523440322,1.287023595725727,1.2872961304124422,98.71297640427427,744
MT_142,XGBoost-Optuna,1.918509258471708,2.576718405946063,9.826970864743624,9.572071808682868,90.17302913525637,744
MT_143,XGBoost-Optuna,16.07687437280345,24.37538535304708,18.830460533089553,16.20225939375894,81.16953946691045,744
MT_144,Naïve (Lag-24h),4.427304094349994,5.81033107284835,2.406970281159173,2.3980905710613407,97.59302971884082,744
MT_145,Naïve (Lag-24h),1.5008828255498545,2.1779348514496792,2.195209712881164,2.1954607351561095,97.80479028711883,744
MT_146,Naïve (Lag-24h),2.207189193992714,3.321223343838833,2.661313669513854,2.6434579559951406,97.33868633048614,744
MT_147,Naïve (Lag-24h),30.225544190925707,44.83209043134397,1.2450104365190686,1.2429105916938246,98.75498956348093,744
MT_148,XGBoost-Optuna,9.081832634730613,11.959497004815073,2.5354163915037757,2.574922976968611,97.46458360849623,744
MT_149,Naïve (Lag-24h),1.0185788787483723,1.4014850658848763,4.124508718419333,4.140283077797324,95.87549128158066,744
MT_150,Naïve (Lag-24h),0.8630858372487946,1.476010430635729,3.545740726665155,3.541702923450824,96.45425927333484,744
MT_151,XGBoost-Optuna,7.151146305403044,12.691130600330743,9.590010966625979,8.246682735758933,90.40998903337402,744
MT_152,XGBoost-Optuna,32.81137882870126,42.19324972471957,2.9857332024151426,3.0299380921523134,97.01426679758485,744
MT_153,XGBoost-Optuna,11.602089325535838,19.434370590106774,5.0292724972611955,5.00218717263608,94.97072750273881,744
MT_154,Naïve (Lag-24h),1.7131064709155128,2.613956459707529,5.332325842982311,5.346612441845022,94.66767415701769,744
MT_155,XGBoost-Optuna,18.999280913613905,36.490864890440285,18.235306374387868,15.189289208454099,81.76469362561213,744
MT_156,XGBoost-Optuna,12.419815916681122,16.493168819108153,19.167639561487345,16.75891110507845,80.83236043851265,744
MT_157,XGBoost-Optuna,186.59432691424155,269.7717185735578,7.649101412480242,7.33688555769637,92.35089858751977,744
MT_158,XGBoost-Optuna,13.062799126247395,18.639198445576163,18.564871372727527,16.276213919324046,81.43512862727248,744
MT_159,XGBoost-Optuna,10.689911770036302,18.936949732698622,38.84912543935148,23.505173788135973,61.15087456064852,744
MT_160,Naïve (Lag-24h),0.44456698089713126,0.6658480872751136,12.594073259547006,12.145850282573287,87.405926740453,744
MT_161,XGBoost-Optuna,95.94341791057492,125.48310278282017,6.195813536778425,6.093361663476973,93.80418646322157,744
MT_162,XGBoost-Optuna,43.45340764901933,68.3549571897085,23.416581718919208,18.28918447323216,76.5834182810808,744
MT_163,XGBoost-Optuna,128.10447829573386,182.86246912700375,6.088304010915393,5.828291160473169,93.9116959890846,744
MT_164,XGBoost-Optuna,20.403353847129875,31.592565867938735,28.049359689964305,21.121113780669365,71.9506403100357,744
MT_165,XGBoost-Optuna,5.424324423432992,8.661931599986339,8.596586782850398,8.053479991173417,91.4034132171496,744
MT_166,XGBoost-Optuna,64.95427522475616,106.00734327354195,6.895412337306784,6.316809145224765,93.10458766269322,744
MT_167,XGBoost-Optuna,5.30890402161494,8.823745877625605,9.313377434764806,8.480899058147179,90.6866225652352,744
MT_168,XGBoost-Optuna,8.930569816507775,13.132236693002215,7.892855009434599,7.446150446362976,92.1071449905654,744
MT_169,XGBoost-Optuna,2.521181840455688,3.6245767517205674,7.095888150276579,6.7252661064122465,92.90411184972342,744
MT_170,XGBoost-Optuna,8.346337880389791,12.804192742543425,8.183734137066203,7.761581833004527,91.81626586293379,744
MT_171,XGBoost-Optuna,11.06195317607208,17.58994294560011,5.415837139381717,5.1703203297815445,94.58416286061828,744
MT_172,XGBoost-Optuna,10.693824077447804,15.211201959234174,9.062000772140511,8.86794990377753,90.93799922785949,744
MT_173,XGBoost-Optuna,3.283628750334425,4.578132719730863,7.168069405834538,6.827426832017562,92.83193059416546,744
MT_174,XGBoost-Optuna,12.792479377560579,27.465288048642723,46.82597239084733,12.15560824852747,53.17402760915267,744
MT_175,XGBoost-Optuna,15.24287377445457,25.376078264163837,13.391853159881812,11.521405484785738,86.6081468401182,744
MT_176,XGBoost-Optuna,5.041036822354206,8.007570259766434,7.8487666615896305,7.19227146354834,92.15123333841036,744
MT_177,XGBoost-Optuna,11.725961587363196,17.350117904827872,8.32755192925684,8.315717318625863,91.67244807074316,744
MT_178,XGBoost-Optuna,52.62956999285351,91.70034000212117,9.909967774203896,15.700526366411212,90.09003222579611,744
MT_179,XGBoost-Optuna,8.463548231661212,15.955371600327313,212.8335680025092,15.378554309180037,0.0,744
MT_180,XGBoost-Optuna,11.59435745233691,18.859190265543365,9.586775871323166,9.144318337909409,90.41322412867683,744
MT_181,XGBoost-Optuna,5.832239773349801,16.16583050408858,207.81981675826478,9.671288993735386,0.0,744
MT_182,XGBoost-Optuna,2.9958504775175565,4.5624961053816815,7.12874170303843,6.728952686772454,92.87125829696157,744
MT_183,XGBoost-Optuna,7.621649614005108,10.378782963275793,11.934640594472787,11.114772995647018,88.06535940552722,744
MT_184,XGBoost-Optuna,5.0969843547320135,7.630635840086968,6.500892408583078,6.120725696307456,93.49910759141692,744
MT_185,XGBoost-Optuna,4.093038578391985,6.166284549212654,7.2546529913858695,6.87150637280545,92.74534700861413,744
MT_186,XGBoost-Optuna,22.699587825738455,33.56403846390103,4.9114678308329305,4.795759859635463,95.08853216916707,744
MT_187,XGBoost-Optuna,7.036519101890075,9.892350006767936,9.107233425853032,8.811468934992208,90.89276657414698,744
MT_188,XGBoost-Optuna,3.1552916838992715,5.733614087709929,11.399467608878581,9.422803319542956,88.60053239112142,744
MT_189,XGBoost-Optuna,25.227546787582213,39.711284437931496,7.76409113450067,7.217404830261416,92.23590886549933,744
MT_190,XGBoost-Optuna,22.146193869859015,29.36607442312269,7.22580329095538,7.21838216060893,92.77419670904462,744
MT_191,XGBoost-Optuna,82.64435029754674,141.50291949393826,6.160431909645948,5.617692170102097,93.83956809035405,744
MT_192,XGBoost-Optuna,27.953551356493247,41.32875076390339,7.109154816083238,6.912074378229416,92.89084518391677,744
MT_193,XGBoost-Optuna,9.716993385875869,17.159074037923745,4.8063031565448116,4.548491903084439,95.19369684345519,744
MT_194,XGBoost-Optuna,147.54700375003026,206.8823746036965,8.037092929426802,7.829588290993904,91.9629070705732,744
MT_195,XGBoost-Optuna,38.950443376059084,56.18520290845968,10.919721464461581,10.228410473974263,89.08027853553841,744
MT_196,XGBoost,1226.692229240172,1691.520906229492,8.083226524979017,7.708168290571176,91.91677347502099,744
MT_197,XGBoost-Optuna,10.582028582821367,16.055396063244732,8.82687489264431,8.307806986864028,91.17312510735569,744
MT_198,XGBoost-Optuna,31.44661958374344,45.33639315247103,15.735945366914276,14.797756448177548,84.26405463308572,744
MT_199,XGBoost-Optuna,18.793402636910827,32.98273577294168,6.051111522683171,5.730763426846399,93.94888847731683,744
MT_200,XGBoost-Optuna,35.2190207782742,57.95027006608442,7.118458437969233,6.566106348050621,92.88154156203076,744
MT_201,XGBoost-Optuna,18.9055970170015,27.50674057645213,8.472556198165782,7.992225956661539,91.52744380183422,744
MT_202,XGBoost-Optuna,10.574794739158898,18.466905830492696,6.50364719055305,5.851617662528433,93.49635280944695,744
MT_203,XGBoost-Optuna,26.438370689985742,47.30077128132446,6.865356288958689,6.1842780004414415,93.1346437110413,744
MT_204,XGBoost-Optuna,35.65674942474536,63.96600425453522,6.084462262659976,5.563178484410526,93.91553773734003,744
MT_205,XGBoost-Optuna,20.07014536696834,36.48717433840492,5.198264084499979,4.761036755736061,94.80173591550002,744
MT_206,XGBoost-Optuna,13.384923920347548,22.70344012181945,10.609490026120861,9.114081317591149,89.39050997387913,744
MT_207,XGBoost-Optuna,49.3644037710601,84.31436148658501,8.263235839234545,7.270200511479223,91.73676416076546,744
MT_208,XGBoost-Optuna,312.4154562380962,473.3364852222001,6.378381956444136,6.121078132456451,93.62161804355587,744
MT_209,XGBoost-Optuna,45.637879566479754,62.46437285523268,7.844345362966289,7.672215996442879,92.1556546370337,744
MT_210,XGBoost-Optuna,48.89830086683082,76.47901804348882,8.299882992640068,7.8319141300756305,91.70011700735994,744
MT_211,XGBoost-Optuna,9.544066397964313,17.572785998275936,7.654628208144717,6.701918058055174,92.34537179185529,744
MT_212,XGBoost-Optuna,14.95220509594534,30.017253028643577,6.390560908782754,5.618778233837643,93.60943909121724,744
MT_213,XGBoost-Optuna,48.47109277826785,78.16728590202595,6.0787276337162455,5.779389679401909,93.92127236628376,744
MT_214,XGBoost-Optuna,15.311215859352519,30.604414828797783,6.078364427187157,5.377983104424581,93.92163557281285,744
MT_215,XGBoost-Optuna,11.664522569107879,18.01903599716875,3.88358224110305,3.8421553946289757,96.11641775889694,744
MT_216,XGBoost-Optuna,78.12077014789404,144.90640572708702,5.593641034761227,5.094123844920106,94.40635896523878,744
MT_217,XGBoost-Optuna,12.429432094828636,22.41941236657004,8.396702715950397,7.223086940793663,91.6032972840496,744
MT_218,XGBoost-Optuna,66.02543741170342,100.5581574127545,6.697384875721586,6.367120083607111,93.30261512427842,744
MT_219,XGBoost-Optuna,37.971754413048565,56.41156742843343,8.219410035475368,8.026631252662238,91.78058996452464,744
MT_220,XGBoost-Optuna,202.94824865903743,322.477312386791,9.704303606690088,9.032183803088245,90.29569639330991,744
MT_221,XGBoost-Optuna,8.772214830918962,14.380395206061497,7.294665356718874,6.797482820203209,92.70533464328112,744
MT_222,XGBoost-Optuna,37.89858234911412,70.89168469779933,6.308435997045722,5.650631152514874,93.69156400295428,744
MT_223,Naïve (Lag-24h),0.0,0.0,,0.0,,744
MT_224,XGBoost-Optuna,179.58563428881445,258.15634286640693,7.071936638772384,6.755898524491603,92.92806336122761,744
MT_225,XGBoost-Optuna,11.424004134911737,18.48213335658858,5.047781979653785,4.789155376711445,94.95221802034621,744
MT_226,XGBoost-Optuna,26.713207227371083,38.92071530213023,7.078059862435411,6.822972468124864,92.92194013756459,744
MT_227,XGBoost-Optuna,12.932289495302415,23.216429527495034,7.494936842013401,6.573131466445882,92.5050631579866,744
MT_228,XGBoost-Optuna,282.1616922150781,476.1679767040406,7.314688653214582,6.806234560652917,92.68531134678541,744
MT_229,XGBoost-Optuna,39.80860267822129,85.83779246615642,6.09487869708946,5.049442954795438,93.90512130291054,744
MT_230,XGBoost-Optuna,7.277509008759194,10.82048881682611,9.626524942308986,9.024091157627407,90.37347505769101,744
MT_231,XGBoost-Optuna,48.98523573988509,79.03110620899947,9.05249180885093,8.27695705125431,90.94750819114907,744
MT_232,XGBoost-Optuna,5.734858323314873,9.498898260002962,8.744095597333374,8.002546462302796,91.25590440266663,744
MT_233,XGBoost-Optuna,6.991221963671683,12.903577184273468,7.651278650677051,6.816095710285702,92.34872134932294,744
MT_234,XGBoost-Optuna,6.024247870033384,9.487413881863592,10.155453455995998,9.019331692708551,89.844546544004,744
MT_235,XGBoost-Optuna,73.95579300956248,127.38464187763299,10.804583887472113,9.858574974098323,89.19541611252788,744
MT_236,XGBoost,6.765728401929319,15.253885048756693,6.55909632608544,5.4997066684496865,93.44090367391456,744
MT_237,XGBoost-Optuna,4.7144152349518755,7.029324624256776,6.740659648088281,6.513761618758209,93.25934035191172,744
MT_238,XGBoost-Optuna,35.66091530092301,56.0439793426808,8.594130249902447,8.387646091775654,91.40586975009755,744
MT_239,XGBoost-Optuna,7.9117311504962595,11.377855629532473,9.185161176085833,8.67256838424087,90.81483882391417,744
MT_240,XGBoost-Optuna,23.362831659090915,34.6613977263726,7.873436766802157,7.5863644203994145,92.12656323319784,744
MT_241,XGBoost-Optuna,120.89802094295841,205.02155251981355,6.0170212030003585,5.615683308920479,93.98297879699965,744
MT_242,XGBoost-Optuna,11.560248413616794,21.43235871581959,6.838742232795149,6.676737125847347,93.16125776720484,744
MT_243,XGBoost-Optuna,8.473881036476314,13.495349852676657,8.429711928465693,7.839822601123046,91.5702880715343,744
MT_244,XGBoost-Optuna,8.826389195408188,13.451877859018227,6.869780598385064,6.562652638817627,93.13021940161494,744
MT_245,XGBoost-Optuna,13.443353146001533,20.99540933178753,7.732597297163656,7.295361020772358,92.26740270283635,744
MT_246,XGBoost-Optuna,25.164202035406856,48.297114366680574,5.857600591872454,5.2355764557883395,94.14239940812755,744
MT_247,XGBoost-Optuna,24.619264882396784,41.260694262627034,7.711650168214522,7.086130969023823,92.28834983178548,744
MT_248,XGBoost-Optuna,8.077768531989507,15.202784371075696,6.987349405459334,6.191279109185313,93.01265059454067,744
MT_249,XGBoost-Optuna,6.686831019685268,8.889926577631758,10.147671329492058,9.72854419714762,89.85232867050794,744
MT_250,XGBoost-Optuna,4.636512046675503,7.53959172121218,6.2330404380792865,5.870020084634814,93.76695956192071,744
MT_251,XGBoost-Optuna,5.483545456691818,8.385883728424464,9.358064707445186,8.633155611743085,90.64193529255482,744
MT_252,XGBoost-Optuna,12.90055736431274,23.71883091967936,7.237493103579194,6.559566915553547,92.7625068964208,744
MT_253,XGBoost-Optuna,26.74844771023209,41.5255526258237,11.010235364862227,9.998688454849024,88.98976463513777,744
MT_254,XGBoost-Optuna,10.68760753749032,19.123331529113422,5.765715141037351,5.291522632310876,94.23428485896265,744
MT_255,XGBoost-Optuna,54.1972091769224,76.97253804556996,10.448990726913085,9.830422651989377,89.55100927308692,744
MT_256,XGBoost-Optuna,8.380567036957999,14.113668563843229,7.147180986202935,6.505121704473756,92.85281901379706,744
MT_257,XGBoost-Optuna,6.534962638110554,9.380926939987013,5.575435032656308,5.431674278198742,94.4245649673437,744
MT_258,XGBoost-Optuna,7.658720515135892,12.664271538480662,8.068553684250892,7.383429947610162,91.93144631574911,744
MT_259,XGBoost-Optuna,8.261573575450893,12.080166805497184,6.3542952586128525,6.187677466497029,93.64570474138715,744
MT_260,XGBoost-Optuna,10.096033518391293,19.169078310108155,8.50863442949133,7.219300992464792,91.49136557050866,744
MT_261,XGBoost-Optuna,6.277400450901736,9.949153049058966,15.609717579501838,12.736300798387749,84.39028242049817,744
MT_262,XGBoost-Optuna,10.279508672822896,14.519369907851983,6.418678109000915,6.363586277550237,93.58132189099908,744
MT_263,XGBoost-Optuna,16.114938460523298,23.648007754527253,9.410392858290455,8.88907674164542,90.58960714170955,744
MT_264,XGBoost-Optuna,11.92115856599901,20.745275444295892,9.631618977411073,8.34507637903811,90.36838102258892,744
MT_265,XGBoost-Optuna,11.018646449055614,15.866431064135618,9.285111362535377,8.556351656713995,90.71488863746463,744
MT_266,XGBoost-Optuna,18.29657258747166,24.70855193264747,8.71614104594231,8.312545727030054,91.28385895405769,744
MT_267,XGBoost,3.07557827314473,5.743167017029033,7.061012998810518,6.2214140588749665,92.93898700118949,744
MT_268,XGBoost-Optuna,13.500720281701888,21.94865054935365,7.234606247024038,6.902976830799844,92.76539375297597,744
MT_269,XGBoost-Optuna,38.984005379250526,66.67973630449055,6.835267291529743,6.266952482965925,93.16473270847025,744
MT_270,XGBoost-Optuna,4.188401776272557,7.3306666359031984,8.691884127581288,7.670507448454238,91.30811587241871,744
MT_271,XGBoost-Optuna,8.118578443684772,13.340114596462351,6.894198942383315,6.474139053891405,93.10580105761669,744
MT_272,XGBoost-Optuna,8.091029297627125,14.68827404547429,5.978521047944161,5.548589001193538,94.02147895205584,744
MT_273,XGBoost-Optuna,30.902760988010353,51.12680112544985,7.278379400848026,7.081271856801373,92.72162059915198,744
MT_274,XGBoost-Optuna,17.05396753512202,25.777389086703312,6.743315184946199,6.373225364788633,93.2566848150538,744
MT_275,XGBoost-Optuna,7.613858581643551,12.88156500955643,7.038109968819619,6.532195548237664,92.96189003118039,744
MT_276,XGBoost-Optuna,96.97563301036816,139.99825562068474,6.9516725023079236,6.738983251073037,93.04832749769207,744
MT_277,XGBoost-Optuna,3.925390876189702,5.918498777689719,5.414416154905824,5.239779209439126,94.58558384509418,744
MT_278,XGBoost-Optuna,4.981684235820134,8.011639501427739,8.127210499067129,7.332351326365165,91.87278950093287,744
MT_279,XGBoost-Optuna,820.6427824505757,1233.3157079268037,8.88075761928003,8.306000274540231,91.11924238071997,744
MT_280,XGBoost-Optuna,14.905181955408143,25.012701378219884,7.604754323748193,6.8391503642357385,92.3952456762518,744
MT_281,XGBoost-Optuna,4.184115701265571,7.14451244336181,4.62116413817896,4.38175951213196,95.37883586182105,744
MT_282,XGBoost,4.990773766567334,10.042986287782494,6.560226579918194,5.568852723042979,93.4397734200818,744
MT_283,XGBoost-Optuna,12.143483099365026,20.047837498823213,5.996292535358498,5.700055361948482,94.00370746464151,744
MT_284,XGBoost-Optuna,3.33968063046804,5.175919059443357,6.208472140817299,6.026429585589612,93.79152785918271,744
MT_285,XGBoost-Optuna,5.178317936259939,8.99221918058605,7.226033657806544,6.4397956067005255,92.77396634219346,744
MT_286,XGBoost-Optuna,8.980354815708068,15.500483997303428,11.844391326740455,9.813001086144322,88.15560867325955,744
MT_287,XGBoost-Optuna,6.86935563007122,12.540352702572989,6.25191927119754,5.652903731581483,93.74808072880246,744
MT_288,XGBoost-Optuna,22.50014005927679,38.73481847127241,2535.771685477543,109.0245761000773,0.0,744
MT_289,XGBoost-Optuna,4.959927606031039,9.517767089347492,6.4535819706656605,5.701176050346466,93.54641802933433,744
MT_290,XGBoost,47.8465506104986,68.41743317522624,7.134136750769471,7.188869232023895,92.86586324923053,744
MT_291,XGBoost-Optuna,7.964280761140938,12.05020682806857,8.853148568297883,8.547061295251229,91.14685143170212,744
MT_292,XGBoost-Optuna,21.725335469555336,32.03470118006869,9.037712233999622,8.748400585475506,90.96228776600037,744
MT_293,XGBoost-Optuna,6.351489718671833,10.013910374682762,8.70577624070264,7.90805328976618,91.29422375929735,744
MT_294,XGBoost-Optuna,39.17548418031188,65.03754719004743,7.434064533176568,6.948289095431294,92.56593546682343,744
MT_295,XGBoost-Optuna,20.936946236770595,31.042479160333713,9.515131267866451,8.998724078822729,90.48486873213355,744
MT_296,XGBoost-Optuna,4.65290929708541,6.958746205492856,5.9336600626912865,5.757428550892553,94.06633993730871,744
MT_297,XGBoost-Optuna,11.088988670049254,16.89731288470644,8.40747078603092,7.764798809067399,91.59252921396907,744
MT_298,XGBoost-Optuna,43.660662705423306,75.36380358053945,6.059543596949415,5.691862742726683,93.94045640305059,744
MT_299,XGBoost-Optuna,26.531316914369718,39.92031474291276,6.130396454503951,6.103755285325341,93.86960354549605,744
MT_300,XGBoost-Optuna,9.48556140014438,15.192967001318651,7.4872520453239195,7.238733810780985,92.51274795467609,744
MT_301,XGBoost-Optuna,5.859646688689438,10.314824861942196,7.1229177448762435,6.39018567104856,92.87708225512375,744
MT_302,XGBoost-Optuna,9.733957423232157,15.872731896876008,8.706732998065288,8.266841877905058,91.29326700193471,744
MT_303,XGBoost-Optuna,10.109465108837862,15.840293002270869,7.389376152619112,7.16708709785216,92.6106238473809,744
MT_304,XGBoost-Optuna,6.202065080450272,9.377867913900522,11.096169269669035,10.303465221959831,88.90383073033097,744
MT_305,XGBoost-Optuna,5.657151523705931,8.97667470431421,9.182927494145012,8.610591113208526,90.81707250585498,744
MT_306,XGBoost-Optuna,7.359519340918586,10.970923161171427,12.914044741861932,11.345147766755456,87.08595525813807,744
MT_307,XGBoost-Optuna,38.88171026178853,69.19963546252802,7.0460368175274875,6.435561298808112,92.9539631824725,744
MT_308,XGBoost-Optuna,7.0156391061982895,12.85543613152093,7.747205700745422,6.983386455541283,92.25279429925457,744
MT_309,XGBoost-Optuna,11.668007361440146,16.07315163854339,6.564352391988844,6.332530289927478,93.43564760801115,744
MT_310,XGBoost-Optuna,32.7842502206804,47.38980602671157,6.840305946906672,6.655330326179968,93.15969405309333,744
MT_311,XGBoost-Optuna,6.912768989086164,12.42662196783139,7.492938099766076,6.53588219144467,92.50706190023392,744
MT_312,XGBoost-Optuna,30.44808240774285,46.34304945749675,9.14598528289933,8.698529713966993,90.85401471710067,744
MT_313,XGBoost-Optuna,8.66118898587054,17.232403361617987,5.458534889339798,4.814729783833389,94.5414651106602,744
MT_314,XGBoost-Optuna,46.79710506813927,75.9993486741596,5.215193542104686,5.049940351781319,94.78480645789531,744
MT_315,XGBoost-Optuna,3.9144450469577627,7.076856459225457,6.197799072590435,5.563772205856918,93.80220092740956,744
MT_316,XGBoost-Optuna,16.901323007049225,24.572295431665626,5.090822349730174,4.990491014087413,94.90917765026983,744
MT_317,XGBoost-Optuna,18.813895266450228,30.7403076755353,4.800824442871121,4.6246287376719915,95.19917555712888,744
MT_318,XGBoost-Optuna,8.284709698402589,14.598597767117308,7.033236672826446,6.519883057121858,92.96676332717355,744
MT_319,XGBoost-Optuna,4.994191519847578,8.211999135325541,7.040474327725255,6.410489310372039,92.95952567227475,744
MT_320,XGBoost-Optuna,5.570686468748424,9.521674182850106,7.525289756781052,6.714635438182698,92.47471024321895,744
MT_321,XGBoost-Optuna,8.464785601029934,13.518481489594237,9.077776462181706,8.782243816445368,90.9222235378183,744
MT_322,XGBoost-Optuna,5.749428260726145,8.937557742542927,8.04412452676731,7.654497944812666,91.9558754732327,744
MT_323,XGBoost-Optuna,170.40987208556777,249.77155814353148,10.851187145734102,10.383518998660668,89.1488128542659,744
MT_324,XGBoost-Optuna,24.829255014951347,34.64245525824648,9.30435667505537,8.914465952558185,90.69564332494463,744
MT_325,XGBoost-Optuna,12.874150435945253,19.9452394513852,6.4580358723799955,6.022716881386891,93.54196412762,744
MT_326,XGBoost-Optuna,13.868616724335228,23.092587954354915,8.950208044163718,8.047377409835551,91.04979195583628,744
MT_327,XGBoost-Optuna,39.95945828126576,61.93565580207082,9.352475247417843,8.60521449292253,90.64752475258216,744
MT_328,XGBoost-Optuna,67.86851774616002,113.7153607171459,7.962066420832646,7.1705178969840935,92.03793357916736,744
MT_329,XGBoost-Optuna,8.148765010821686,12.600846694840563,4.939751126553529,4.775227335384037,95.06024887344647,744
MT_330,XGBoost-Optuna,5.475419696684807,9.623265800909568,8.112335229765913,7.165282930208303,91.88766477023408,744
MT_331,XGBoost-Optuna,17.610483175252643,25.057215932023926,11.432032164440763,11.064299532623824,88.56796783555924,744
MT_332,XGBoost-Optuna,11.482129657338808,19.99484919328019,12.671980377052005,11.564550988565232,87.32801962294799,744
MT_333,XGBoost-Optuna,6.947447349089315,12.866200524640002,13.78954793134373,9.807091156370532,86.21045206865627,744
MT_334,XGBoost-Optuna,14.651300325410899,23.206196185147935,33.36404055066044,21.220155247422316,66.63595944933957,744
MT_335,XGBoost-Optuna,6.094051542956455,10.529585572619734,14.827315993366371,11.062641804777416,85.17268400663363,744
MT_336,XGBoost-Optuna,14.063535788735278,25.066281513267523,10.352214563329305,9.246574687585598,89.64778543667069,744
MT_337,XGBoost-Optuna,13.980380508074886,24.770797960620033,249.96136591051544,13.961397066381117,0.0,744
MT_338,XGBoost-Optuna,21.155706796822365,35.169099744939274,12.267901621105441,10.02083341401048,87.73209837889456,744
MT_339,XGBoost-Optuna,179.4445958077903,297.87328341972466,7.050090289197711,6.7110986676016475,92.94990971080229,744
MT_340,XGBoost-Optuna,11.163880409000475,21.096330567774523,17.827754715935797,12.69344506179409,82.1722452840642,744
MT_341,XGBoost-Optuna,55.52942962111293,95.86419109943476,7.999048264420412,7.382887193606049,92.00095173557959,744
MT_342,XGBoost-Optuna,21.569274384684263,36.96982175347019,11.71681535003199,9.717879410410884,88.283184649968,744
MT_343,XGBoost-Optuna,11.037061739490055,19.542417774543456,14.052943260206465,11.536980683404337,85.94705673979354,744
MT_344,XGBoost-Optuna,31.136641592496954,47.07362623114503,21.356813203623503,18.278779510930647,78.6431867963765,744
MT_345,XGBoost-Optuna,124.27553401489477,192.12337970898741,7.077121356149391,6.95466642654751,92.92287864385061,744
MT_346,XGBoost-Optuna,25.00125294346963,39.00807816443622,11.754592644931257,10.079907876650825,88.24540735506875,744
MT_347,Naïve (Lag-24h),0.5542622769094335,1.8679625103349151,21.98581560283688,18.191244206745726,78.01418439716312,744
MT_348,XGBoost-Optuna,6.641581655252965,8.58662986279175,33.41352523298596,104.16377378130986,66.58647476701404,744
MT_349,XGBoost-Optuna,16.406148689430374,24.089136294425547,10.619936311192909,10.08895112795804,89.3800636888071,744
MT_350,XGBoost-Optuna,65.90416166435824,115.04264346495329,16.013598484435875,12.656657382543605,83.98640151556413,744
MT_351,XGBoost-Optuna,119.1643855870838,215.5346739284352,9.11282412452425,8.040461560802523,90.88717587547575,744
MT_352,XGBoost,14.017356228338594,22.45912613864448,29.37108257715674,23.81066946320872,70.62891742284326,744
MT_353,XGBoost-Optuna,28.10461844284484,47.59746759965541,8.504921523248916,7.571291999543753,91.49507847675109,744
MT_354,XGBoost-Optuna,9.381360196331565,14.12562273979009,16.706222442467453,14.211057568472876,83.29377755753255,744
MT_355,XGBoost-Optuna,33.657350648918815,67.7396294860687,7.539961020151351,6.6275535163618535,92.46003897984865,744
MT_356,XGBoost-Optuna,2.9772293673382793,4.592894943568517,9.447832922188578,8.583184781175742,90.55216707781142,744
MT_357,XGBoost-Optuna,155.40644385100728,259.60759102244276,10.488787196679763,9.315071683650709,89.51121280332023,744
MT_358,XGBoost-Optuna,49.86884739383787,95.00713782632597,9.197289599507396,7.789318861024724,90.8027104004926,744
MT_359,XGBoost-Optuna,8.495019606287983,11.13582150217272,15.965334995291345,15.24021788523904,84.03466500470866,744
MT_360,XGBoost-Optuna,47.44800253441549,71.34028521962748,12.9441916334774,11.60901951905635,87.0558083665226,744
MT_361,XGBoost-Optuna,23.765126564218853,33.21522063486247,12.823533064417845,12.32926094220196,87.17646693558216,744
MT_362,LightGBM,2385.174096447401,3554.4597627547632,8.067009877190358,7.720257357719736,91.93299012280964,744
MT_363,XGBoost-Optuna,147.16762694994046,263.13469611420663,8.513454390591914,7.587536812276703,91.48654560940808,744
MT_364,XGBoost-Optuna,327.07281576177127,570.8006222240252,13.172025031023765,11.42313333069108,86.82797496897624,744
MT_365,XGBoost-Optuna,7.566189887042974,13.18215120648739,13.234941643833336,12.547298873692245,86.76505835616666,744
MT_366,XGBoost-Optuna,4.884296407823689,6.684406347000082,61.62152930496292,44.641283368862204,38.37847069503708,744
MT_367,XGBoost-Optuna,43.086280745831196,58.437491208784635,8.667134039040155,8.199395771116357,91.33286596095985,744
MT_368,XGBoost-Optuna,20.199975682410855,30.35770558523323,22.914676689308095,18.05480822156498,77.0853233106919,744
MT_369,XGBoost-Optuna,29.19121699131256,40.04805369655769,3.8160947127731193,3.82988243591542,96.18390528722688,744
MT_370,XGBoost-Optuna,1736.0742299779145,2250.2737911427203,12.140613130082793,11.785718683920079,87.8593868699172,744
