client_id,client_mean,client_std,client_median,client_max,zero_share,day_mean,night_mean,weekday_mean,weekend_mean,log_mean_scale,cv,peak_to_mean,night_day_ratio,weekend_weekday_ratio,cluster
MT_001,5.481668407126442,6.138152320430282,2.2208121827411174,24.428934010152275,0.0,5.665208625841524,5.175735167763632,5.6897657132144275,4.960396412285984,1.8689779474599724,1.1197578304576192,4.4564697517449225,0.9135984874714023,0.8718087781150197,0
MT_002,27.953477354041528,6.338388002197547,27.916073968705525,43.918918918918926,0.0,30.574215414640946,23.585111172429816,27.747498436961735,28.469442904099456,3.365690312662029,0.22674766557458315,1.5711427473312773,0.7714050267038234,1.0260179925263506,0
MT_003,3.8759189855495415,11.250907853008169,1.73761946133797,81.6681146828845,0.0,3.3891981911280604,4.687207488663693,3.7827270239996778,4.109359584149379,1.5843085965403765,2.902764187619134,21.070591073098655,1.382980101645396,1.086345563563482,2
MT_004,108.08019998394624,37.04488498892575,98.57723577235772,245.9349593495935,0.0,112.56218123109664,100.60942844785784,106.03521583566555,113.2027697395618,4.692083391345218,0.34275363634497225,2.275485580441818,0.8938119216362881,1.0675958753084995,0
MT_005,48.77495908749133,16.94257085659126,46.036585365853625,106.70731707317076,0.0,48.42910160242803,49.35145017758614,49.51848693846397,46.91246382802811,3.9075120280009785,0.347362000910756,2.1877475079843065,1.0190451268800864,0.9473725320525308,0
MT_006,186.67946374600615,61.08860620242935,180.059523809524,414.43452380952374,0.0,205.3930739768506,155.48676146976794,188.69622383771667,181.62759365751947,5.23473552762277,0.3272379387867022,2.2200326339755936,0.757020433498591,0.9625395799564478,0
MT_007,6.08529118871395,6.950142405739121,3.533069530808365,34.765404183154345,0.0,5.910098665351663,6.377310107289886,6.107678157944602,6.029213095591686,1.958020971622571,1.1421197061912303,5.71301289862722,1.079051243960575,0.9871514294241039,0
MT_008,254.47137097348667,56.565918258158874,253.36700336700324,437.71043771043776,0.0,276.4314648744049,217.86728108598075,257.10155782047525,247.8829015199072,5.543110352381182,0.2222879368271769,1.720077267769623,0.7881420926649816,0.9641438736499456,3
MT_009,53.10651733668306,20.930990798822105,48.07692307692307,126.98645104895031,0.0,57.295114842443176,46.12477125239083,55.887604219856826,46.140051817885514,3.990954646927265,0.3941321688410255,2.391164653713576,0.8050383235786659,0.8255863568692469,0
MT_010,55.749926282447085,25.14909155928072,50.26881720430105,139.6626344086017,0.0,60.99345219525384,47.00977723272837,59.63942033400936,46.006963428710264,4.038654357372952,0.4511052969077371,2.505162224778624,0.7707346909122729,0.7714185593499007,0
MT_011,39.67457546499835,12.090445889231253,37.444113263785354,84.01639344262296,0.0,42.06500829713246,35.69009258198921,40.00311759859194,38.85159598204886,3.7056032158041265,0.3047403204728545,2.1176375873351914,0.8484506610668033,0.9712139603658486,0
MT_012,146.3829061211959,42.16726581180531,143.085106382979,284.04255319148933,0.0,163.74435571362693,117.41855226160693,151.55198090941553,133.4443306010929,4.993034003703245,0.288061386732407,1.9404078065798325,0.717084534480781,0.8805184926990117,0
MT_013,73.1781852374236,39.94156072747956,52.23880597014925,169.36152570480925,0.0,89.86089860176872,45.370674836457155,84.91014526091467,43.79028820117866,4.306470107451371,0.5458123228905937,2.314371448425625,0.5048989103540417,0.5157249809121,0
MT_014,44.257074784805134,17.85344103205778,39.885130823229076,106.25398851308213,0.0,51.36737851981779,32.405294996514286,47.61573502257676,35.843820644002896,3.8123590067602025,0.40340300584342675,2.4008356860766957,0.6308534642365975,0.7527724416998565,0
MT_015,36.70190925373665,22.509656614444236,39.12706611570245,85.35834194214881,0.21426832237643048,40.99361627781598,29.5431783731643,38.37440937785008,32.493452177735485,3.629710736506824,0.6133100685777491,2.3257187547067693,0.7206773602547042,0.8467477216473763,0
MT_016,32.754237077608934,11.064208457437903,29.6127562642369,71.11973234624121,0.0,33.65150074020875,31.258636926408144,32.09159128507327,34.41412735029535,3.5191059524789354,0.33779462038074093,2.171313301072923,0.9288925293050374,1.072371772433255,0
MT_017,49.04011939022621,12.89574723507648,49.4159928122192,88.62196765498614,0.0,54.535836442650975,39.87960660321838,49.25681554917396,48.49730775478297,3.9128250714916715,0.2629631568151332,1.8071316033813045,0.7312549305557241,0.9845804558876262,0
MT_018,243.66299723384356,82.8874911683374,245.2076677316295,490.8506389776344,0.0,275.39168098289673,190.77617456347116,253.72670577935185,218.4539758984495,5.499881742152101,0.34017265119276074,2.014465160509838,0.6927448460139611,0.8609813721327771,3
MT_019,8.251574211982742,2.3842035964137605,7.663316582914573,16.834170854271377,0.0,8.631609044578145,7.618114754319689,8.233598213792389,8.296603071856456,2.2247937221237115,0.2889388916314373,2.0401138038226914,0.8825823654839033,1.0076509418991473,0
MT_020,40.37485116736093,10.825469702849782,38.98678414096915,75.67070484581458,0.0,41.862348932193804,37.89542179255622,40.57012950076319,39.88568997486247,3.722673236527275,0.26812401058114593,1.8742034686421867,0.9052385665589701,0.9831292291738893,0
MT_021,161.86848121122483,48.76113039171147,158.37696335078525,334.4240837696334,0.0,179.1779328317147,133.01629479168716,164.53750459425189,155.18272842902357,5.092943011382199,0.30123917278058937,2.0660233580186893,0.7423698067379704,0.943144964913946,0
MT_022,27.16073413998333,12.04413073279437,23.8169364881694,58.063511830635115,0.0,31.71920176835257,19.56247160199226,29.277842008453643,21.857498540079234,3.337928601261925,0.44343890840104805,2.1377732337296247,0.6167388945494057,0.7465540345571845,0
MT_023,9.708518498631292,3.6773046258639703,8.7401055408971,20.943271767810014,0.0,10.43810147168649,8.492416197493613,9.544866039382192,10.118458663148632,2.3710395460987512,0.378770544514794,2.157203511403669,0.8135970017688927,1.0600932501794509,0
MT_024,30.832261016841663,9.933067021282415,31.03566529492455,59.6707818930041,0.0,34.479068566680986,24.750242682279698,31.70021409955655,28.66398563057799,3.4604802729163944,0.3221646247159876,1.9353352810245419,0.7178336461171327,0.9042202837606743,0
MT_025,216.02823510802367,72.49337225257875,205.607476635514,445.0934579439253,0.0,239.94468446645817,176.16320237838164,218.740992124449,209.23293204498654,5.380027460781323,0.3355735830577565,2.060348440646541,0.7341825280617216,0.9565327488348389,3
MT_026,20.682438733065357,8.276153777782019,18.008474576271176,54.352754237287776,0.0,21.393055396190537,19.49795034563156,20.567940740085913,20.969249736665702,3.0765026579326964,0.40015347721137107,2.6279651379187596,0.9114145160844298,1.0195108886466593,0
MT_027,19.600193686630647,7.314347514419265,17.509135200974423,46.13276492082825,0.0,19.796479187919314,19.273016026771725,19.457591754641953,19.957403469656,3.025300478014958,0.3731771175117125,2.353688036022582,0.9735572728993263,1.0256867069907427,0
MT_028,66.51598988433561,20.831574871138876,61.597690086621775,145.22256977863287,0.0,68.27763096738482,63.57960587594301,64.23918896881233,72.21924754490139,4.21236445700049,0.3131814136051899,2.183272746875335,0.9311921878834977,1.1242239739004734,0
MT_029,77.45834614468923,30.590030587851132,84.69004383218535,135.5807764558543,0.0,84.56697216371604,65.60936285021249,88.1602017473911,50.65080248453139,4.36256786159785,0.3949222796661232,1.7503699175153502,0.7758271747618608,0.5745313161186943,0
MT_030,36.827529444785476,10.45093360594168,33.61498897869215,77.8646216017633,0.0,35.99889426035853,38.209669706031825,36.55607534750267,37.506825696346276,3.633037129739571,0.28378039270341365,2.1143042075483645,1.0614120204794053,1.0260077177248563,0
MT_031,89.40316234874916,25.009723542720728,85.11513157894737,182.97697368421063,0.0,98.26128198276153,74.63804300178172,88.5615206698025,91.51142720413321,4.504279248520235,0.2797408960518909,2.0466496755891757,0.7595874376949556,1.0333090057502423,0
MT_032,29.488493111216016,9.959355217864232,27.148253068932977,59.02148253068922,0.0,29.893413696988407,28.81322588941454,29.810596194658313,28.68422223803749,3.4173493373851342,0.3377368861451692,2.001508259272756,0.9638650353829263,0.9622153286898723,0
MT_033,39.5313472317352,11.605072453006708,38.814691151919845,74.49916527545909,0.0,43.64999744140655,32.66347619222363,40.93455260563458,36.026987977647934,3.702075680446397,0.2935662538722633,1.8845587526565428,0.7483040234545055,0.8801117120691763,0
MT_034,13.767956024019075,4.087184577491648,13.0935754189944,27.155202513966167,0.0,12.648427791675214,15.634036935749682,13.359099248637209,14.792119147097806,2.6924596999675385,0.29686190177701627,1.9723467116778342,1.2360448929147196,1.1072683718494765,0
MT_035,116.30089384369795,30.911226758883362,110.05625879043598,223.98030942334776,0.0,121.19117379015036,108.14955134294813,115.19831937371454,119.06278059866347,4.764742375781275,0.26578664255633266,1.9258690347270648,0.8923879440786338,1.0335460700338133,0
MT_036,36.53609862725997,25.341499394653944,24.526678141136,108.86402753872628,0.0,45.8318213445104,21.041562426878,43.53224246617952,19.011153573130283,3.6253031000054423,0.69360149032802,2.9796284177210293,0.459103679901246,0.4367142175310172,0
MT_037,110.52414560201973,35.81603519142333,100.09671179883948,234.0425531914894,0.0,115.07849805516375,102.93274242649434,111.57376026489271,107.89492017178637,4.71424111994055,0.32405617574126777,2.117569249153463,0.8944566988751084,0.9670276438237033,0
MT_038,119.4580735136344,28.31210785945293,117.473821989529,200.26178010471224,0.0,132.84646200222116,97.14169463582884,123.41717873817117,109.54073860443103,4.791301754740175,0.23700453771486726,1.6764188258708776,0.7312327769924116,0.8875646879043814,0
MT_039,41.135879523861476,16.808691170378456,34.5957756737072,103.62345229424629,0.0,43.30184852917718,37.52081649147001,39.76059016651007,44.579730961485105,3.740899622955942,0.4086137765570458,2.5190521827451424,0.866494366891623,1.1212036733548638,0
MT_040,103.32703392466894,57.61239947659292,104.39560439560441,259.9896978021965,0.0,114.92243859863541,83.99928255516649,104.24398191320944,101.03013101834607,4.647530522330408,0.5575732866082523,2.5161824816332032,0.73092144815442,0.9691698213405033,0
MT_041,87.61372363489382,22.907417194086342,83.80681818181817,169.68181818181841,0.0,84.99140242737707,91.98802973112086,88.56457840008237,85.24195878274269,4.484286739915179,0.2614592055801059,1.9367034269869243,1.0823214617091135,0.9624835424929655,0
MT_042,41.93632627312506,12.19616966979083,40.3430749682338,86.0864040660737,0.0,45.995349149665294,35.170561112981154,42.46878637171774,40.60254380864184,3.759718233902974,0.29082582680468333,2.052787909401667,0.76465456000765,0.9560559111037406,0
MT_043,1079.949581448171,336.280797273955,1045.454545454545,2221.5909090909086,0.0,1210.0115028427408,863.1564163939231,1065.415075479919,1116.357697740113,6.985595175893008,0.3113856423826369,2.0571246349673045,0.7133456229404516,1.04781480284489,3
MT_044,30.093725369857083,10.144689527582775,27.3851590106007,69.6113074204947,0.0,31.820141114930973,27.21605656748243,29.409972693790895,31.806487193308175,3.437006042233353,0.3371030349972455,2.31314945004201,0.8553088409033933,1.0814860900963141,0
MT_045,93.2418656944639,50.18108303819425,102.36886632825733,192.27791878172502,0.0,111.03217794643705,63.58815875968653,109.70279369091011,52.008171059298135,4.545864516974545,0.5381818272578324,2.062141257344325,0.5727002226630177,0.4740824236892998,0
MT_046,130.31981688189293,38.948838760429474,123.222748815166,264.21800947867325,0.0,134.9841563767147,122.54508226989014,128.18301829060547,135.67237662998377,4.877635698190544,0.29887116713044953,2.0274582601934426,0.9078478280770391,1.0584269886525,0
MT_047,27.922804601508794,8.864318350569269,27.409957627118626,53.49576271186443,0.0,31.35936424286136,22.194589659286514,29.146460305438353,24.85761619625587,3.3646303705106666,0.3174579094934896,1.9158442110980394,0.7077497620775671,0.852851681035894,0
MT_048,15.325544033698662,4.564995833935505,14.782836211407625,30.481423338566202,0.0,16.491546278780323,13.381998109870986,15.172815021781954,15.70812157979228,2.7927309997955025,0.2978682417547675,1.9889279873042103,0.8114454381172986,1.0352799532876613,0
MT_049,927.0063688687593,267.4398352165208,902.1739130434776,1866.8478260869563,0.0,1014.2281977966529,781.6210312361283,933.5834937056424,910.5310427413411,6.833038595767778,0.28849837640047515,2.013845717399594,0.7706559778436363,0.9753075532367487,3
MT_050,163.27044327310352,55.973432816590744,164.59074733096077,327.4021352313169,0.0,188.96613595636836,120.43968631260509,167.19427073352549,153.44147716991375,5.101514113991688,0.3428264679523099,2.00527485939951,0.6373611828883582,0.9177435764951136,0
MT_051,55.16475560354438,15.551238171072018,53.2859680284192,99.91119005328582,0.0,58.43720260692408,49.71009111967343,55.94688629372331,53.20556241282073,4.028289435682737,0.2819052705278392,1.811141386357426,0.8506581491839226,0.9510011446120179,0
MT_052,35.56924637378328,9.594800140887893,34.1435185185185,71.18055555555554,0.0,37.188534776448485,32.87014233022204,35.47078995638811,35.815874136848706,3.599207624177092,0.26974980978123136,2.0011819985086885,0.8838781546256874,1.009728401414258,0
MT_053,66.64055491246268,26.899139007644536,58.166862514688596,168.62514688601652,0.0,71.82032970654616,58.00666914607526,65.86021122432786,68.59527176402636,4.214207727906584,0.40364512280138304,2.5303679089083078,0.8076635307363794,1.04152811042621,0
MT_054,69.2572268902589,17.297712435601326,68.34532374100718,125.98096522781752,0.0,75.50399588453028,58.84482634204297,70.46552690185037,66.23050362675961,4.252163176805389,0.24976036024957654,1.819029618918234,0.7793603220474883,0.9398992264688251,0
MT_055,23.9077982098979,11.196680989917278,20.44025157232705,71.45352900069881,0.0,25.325999636852043,21.54387514358315,23.820604493083497,24.126213544319288,3.215180935560089,0.4683273720291022,2.988710984017215,0.8506620447713372,1.012829184206164,0
MT_056,37.39926345542254,11.102752772614888,34.73282442748092,77.09923664122135,0.0,39.82647655702715,33.35347353539165,37.27350138560989,37.714290335101566,3.648038278561355,0.29687081450522385,2.0615169632404364,0.8374696444195031,1.01182552791798,0
MT_057,24.517313983786664,13.012391914817382,24.488926746166925,61.754684838160124,0.0,28.734717503792137,17.487552716157992,25.289673015898934,22.582598244448935,3.239357201518252,0.5307427484101647,2.5188183212408735,0.6085859945548519,0.8929569512694908,0
MT_058,85.18434457399111,29.29617607266907,77.4877650897227,181.07667210440474,0.0,87.36562108538092,81.5484930219593,83.49173600280733,89.42423341720354,4.456488543704096,0.34391498555315597,2.1257033995265124,0.9334161730287664,1.071054777249439,0
MT_059,118.25368167813195,28.56156490303163,119.84196663740124,198.3197980684808,0.0,113.97502552942422,125.38554163153948,122.9528149893825,106.48261822120702,4.78125300290304,0.24152789226041027,1.6770706711489078,1.1001140824314066,0.8660445030880929,0
MT_060,27.33537847747044,7.043116785695556,26.057401812688823,50.85599194360525,0.0,28.40757319287884,25.548195238783247,27.501511141849722,26.91922553922656,3.3441111467750235,0.2576556316915132,1.8604451875823993,0.8993442020505152,0.9788267856305203,0
MT_061,75.25141484433706,23.890319577702112,72.97628781684382,140.63777596075238,0.0,72.42667273981968,79.95982430603125,78.06296293137291,68.20864573083692,4.334035970650941,0.3174733186397592,1.868905156967747,1.1040105839621714,0.8737643875131533,0
MT_062,59.08475415167674,16.504128845235474,55.80912863070535,122.40663900414926,0.0,61.401585377925066,55.222953794974806,58.54825596290241,60.428651803924296,4.0957561346793785,0.2793296898480911,2.0717124077861877,0.8993732728779944,1.0321168494078603,0
MT_063,22.513911864998438,8.73852949863638,20.30254777070065,54.14012738853503,0.0,21.719100990936603,23.83873901778716,21.892053749557807,24.071631310950373,3.1575922402458922,0.3881389280390925,2.4047399521584323,1.0975927618646582,1.0995597119726364,0
MT_064,1404.7383974746458,411.0459116222776,1378.2051282051275,2557.69230769231,0.0,1580.0228140653674,1112.5663070585158,1457.189535396471,1273.3512603215995,7.248317993518933,0.2926138485536472,1.8207605729883725,0.7041457187282301,0.8738405132979095,3
MT_065,62.35919014996689,18.83774074752,58.03571428571428,122.3214285714285,0.0,62.308389748549324,62.443866584785454,61.42779109106286,64.69229217110572,4.1488199657004765,0.3020843869423813,1.9615618589920838,1.0021741344149877,1.053143544487348,0
MT_066,38.46277159411481,26.44005195566659,42.947202521670576,107.67237982663484,0.09425750554100343,39.76364672833663,36.29441336393959,38.81066892342679,37.59130843940467,3.6753577361946634,0.6874191324662847,2.799391395111938,0.9127534122905561,0.9685815729627423,0
MT_067,195.9384873162618,65.75680493565807,187.246963562753,406.8825910931174,0.0,210.5666450011355,171.55560438317303,199.47740520871264,187.07369793453648,5.2828914328531305,0.33559921014154176,2.076583196595478,0.8147330088054441,0.937818939245838,0
MT_068,155.94171182294218,79.62762893151684,133.9907192575405,445.5278422273761,0.0,167.8120892740407,136.15562323975706,161.2134148854265,142.7363934877502,5.055874474139154,0.5106242768175079,2.857015024710532,0.8113576066849153,0.8853877621494127,0
MT_069,159.98217186930114,42.00562915957239,153.79746835443024,305.0632911392405,0.0,168.38038341943536,145.98364837197911,159.82827349195074,160.36767860974035,5.081293625121982,0.26256442229228544,1.9068579236434258,0.8669872151226896,1.0033748414611283,0
MT_070,41.3677447308352,12.207807432636253,37.757817697937476,87.99068529607453,0.0,43.47108490948471,37.86180102628346,41.11367529014896,42.004174325548526,3.746387335250018,0.29510442401498405,2.1270355587001912,0.8709649735098484,1.0216591879106718,0
MT_071,45.10467563822336,14.577980468579467,42.67983789260383,97.08016717325205,0.0,49.51628475957923,37.751203583174494,45.03939610053332,45.268197192027436,3.8309143686821874,0.3232032384729792,2.152329980789906,0.7623996053515554,1.0050797981435062,0
MT_072,94.05245878323119,29.159751647097824,87.92240300375471,192.42803504380464,0.0,98.91775179967865,85.9427656413612,94.49747411216373,92.93772052636416,4.554428936913706,0.31003706786585467,2.0459647421622282,0.8688304716741013,0.9834941257912411,0
MT_073,47.030002628099844,21.944322692864148,40.115694164989925,116.76873742454698,0.0,53.346765149244916,36.50093366485858,47.90523026090004,44.837606855824205,3.871825870394613,0.4666025260591295,2.4828557531532347,0.6842200594645546,0.9359645544335236,0
MT_074,88.53916227641547,22.23956976931429,82.79044516829529,169.25760043431038,0.0,91.49422468149507,83.6135289714413,86.1146869232674,94.61233606004274,4.494676096910392,0.25118339371734033,1.9116691073855474,0.9138666415705026,1.0986781518182334,0
MT_075,47.353103770248175,12.791897280836361,44.0313111545988,98.82583170254402,0.0,48.410516666855926,45.590559543876736,46.51537061445492,49.45157799595343,3.8785304136393455,0.27013846107145484,2.086997534777449,0.9417488856837851,1.0631231507237429,0
MT_076,59.67038609985738,18.177672307094266,56.06796116504855,122.0873786407765,0.0,62.13335586812141,55.56499533083268,59.08563506422765,61.13515440732818,4.105455705867653,0.3046346847886554,2.046029297953132,0.8942859372654919,1.0346870943166087,0
MT_077,34.998635060739794,14.975127632138049,30.107526881720425,81.4516129032258,0.0,39.51039218540934,27.478231728808073,38.848095164473385,25.355954984508838,3.583481022757869,0.42787735371323277,2.3272790349988504,0.6954682870567036,0.6526947679213161,0
MT_078,40.00377255320982,10.799380798119792,37.676609105180525,90.92098377812664,0.0,42.10973929818915,36.49345076765051,40.66780883809358,38.34039917575027,3.7136640759642483,0.2699589915967402,2.2728096688654587,0.8666271202241481,0.9427699904042256,0
MT_079,32.38514029330868,15.322875038154235,28.348688873139626,91.34390503189199,0.0,33.910580597506645,29.84246655681105,33.27611948648672,30.15328775220523,3.50811089958672,0.47314509580399255,2.820549054260995,0.8800338192577892,0.9061536968850399,0
MT_080,14.234825047120845,5.90786070400249,12.65822784810125,34.01898734177214,0.0,15.030094916305526,12.909232820247722,14.292725533790366,14.089787599227632,2.7235839287564314,0.4150283922817512,2.389840642983275,0.8588917304391562,0.9858006233948057,0
MT_081,99.01373102132249,30.97133300891859,97.25935828877002,205.88235294117638,0.0,110.65099021848935,79.61621461637264,100.77650918377961,94.59807131635395,4.605307486775132,0.31279833172093713,2.0793311192720196,0.7195254851665506,0.9386915928683901,0
MT_082,44.521568802452094,10.935922327814001,44.69476744186048,75.49872819767411,0.0,48.87599212764083,37.26341665052547,44.811819765802746,43.79450653761825,3.8181862532499538,0.24563195245923508,1.695778322073248,0.7624072147556419,0.9772978868860906,0
MT_083,71.03418910222493,20.759721081419713,66.76557863501485,145.15331355093988,0.0,74.90982493665744,64.57410185966195,71.07021522764673,70.94394569341763,4.277140854953129,0.29224966767830396,2.0434285933462912,0.8620243511985413,0.998223172449157,0
MT_084,216.42091349403304,90.2175397661646,193.03797468354423,437.5,0.0,253.8459772788483,154.03910378930615,236.0336601085603,167.2920912894229,5.381835168284979,0.416861449020903,2.021523579775605,0.6068211100776437,0.7087636743201904,3
MT_085,123.6658166987431,32.40230073157555,115.90038314176249,246.48786717752225,0.0,125.6218745702727,120.40536988655352,121.62217923084317,128.7850130960885,4.825636690798659,0.2620149931193957,1.9931768844919504,0.958474475195434,1.0588940546995913,0
MT_086,437.64181257091957,149.53556817489024,405.26315789473676,942.1052631578951,0.0,472.67314805388713,379.24997878899296,435.7919962013859,442.2754980672019,6.083683163339033,0.341684821840029,2.1526856314223206,0.8023514183679467,1.0148774914949217,3
MT_087,114.36702017090053,39.31410231731402,112.796833773087,238.78627968337724,0.0,127.3856351081692,92.6669967773447,118.1322573314399,104.93531380901271,4.748118526148505,0.3437538096299808,2.0878943811564836,0.7274524276158177,0.8882866314128982,0
MT_088,124.29955000335819,51.140393111970795,113.33333333333333,392.222222222222,0.0,133.34150010745756,109.228013612753,125.87476114400276,120.35373509102324,4.830707270541689,0.41142859323548,3.1554594578743913,0.8191598664566502,0.9561386606481821,0
MT_089,192.9462146870972,64.19025759389051,184.5238095238095,419.97354497354513,0.0,208.484967882131,167.04550946893772,188.44093600225543,204.23168325710697,5.267580876743196,0.3326847037198498,2.1766352031744614,0.8012352312662955,1.0837967415779293,3
MT_090,128.40888996064672,84.2029549400606,162.99627791563276,252.89004342431681,0.0,129.19868170179166,127.09242892838904,163.94582449537967,39.3908766875552,4.862977081103001,0.6557408011895293,1.9694121163082905,0.9836974914710115,0.24026762746854244,0
MT_091,139.49502778197083,37.072397485290914,136.591060707138,250.59122748498976,0.0,149.5949691799691,122.65998306590923,137.8345324380336,143.65447480523738,4.945172098695414,0.2657614068196078,1.796416786356666,0.8199471916657315,1.0422240482266647,0
MT_092,51.19131099997333,29.74248437859097,37.38317757009345,141.11046209761173,0.0,64.92624182393592,28.275007687652057,59.24182679900867,31.041061633935463,3.9549160250940574,0.5810063854106532,2.7565309771491386,0.4354942244983885,0.523971964935005,0
MT_093,25.709790520920812,58.50046738824867,3.426395939086298,223.73096446700526,0.0,39.21326342592138,3.20158366906063,33.92622492161103,5.128086552525168,3.2850301843700676,2.275415063630896,8.702166486470748,0.08164540701017498,0.15115401294526123,2
MT_094,25.83079558821178,27.79049757153738,15.917129863567475,176.37443153107532,0.0,29.166901400879443,20.270021686602384,30.68151109628259,13.680027292218002,3.289550316931616,1.0758664679130228,6.828065463493173,0.6949663407278427,0.44587187347355767,0
MT_095,16.916089829536894,15.467598236545275,11.131482451545333,71.18190151911972,0.0,23.869313474569374,5.326138326640205,20.499825991552783,7.93903321465671,2.885699182260643,0.9143714208601195,4.207938132100066,0.22313738101185518,0.38727301125375296,0
MT_096,10.880474934807431,6.031863648330427,8.55072463768116,28.405797101449302,0.0,13.316682084489672,6.81969332367669,12.39061382756606,7.097662327028577,2.474896290812806,0.5543745232378452,2.61071057693184,0.5121161682201678,0.5728252609233477,0
MT_097,186.8709686977753,109.29170890746315,134.453781512605,502.3870798319317,0.0,228.00045917786846,118.31445098189737,215.1195257917094,116.10992914114804,5.235755390479122,0.5848511613149927,2.6884168067875196,0.5189219627859516,0.5397460937883953,0
MT_098,682.3580824294175,429.99267977788725,612.026359143328,1579.90115321252,0.0,903.8747919448258,313.1238895670872,673.8091312286086,703.7727221958505,6.527019000997873,0.6301569286691874,2.3153549005150014,0.3464239614749221,1.0444689439989001,3
MT_099,1177.9327563028914,780.6255404145664,1267.578125,3267.578125,0.0,1540.8796869962928,572.9561958456475,1145.8218308936248,1258.3688102765273,7.072364864392513,0.6627080617382519,2.773993744359244,0.3718370726556636,1.098223794804895,3
MT_100,60.1666669237846,49.84308080979263,52.4300932090546,217.99683754993194,0.0,87.12999393243994,15.222959035096313,61.10294839471625,57.82133473635904,4.113602383030078,0.8284167143372525,3.6232155188839292,0.17471546365245316,0.9462935388961301,0
MT_101,706.368881816031,458.952360734607,763.066202090592,2140.161149825767,0.0,905.659357119269,374.1823936963942,703.2323470587601,714.2257241776413,6.561552286287317,0.6497346727071582,3.0298066274175017,0.41316018724191805,1.0156326241370073,3
MT_102,875.2182278983367,424.4037079114605,852.3778071334212,2022.5165125495357,0.0,878.11414973252,870.3911728044964,866.4724856326386,897.1258181641776,6.775615178516912,0.4849118648745049,2.3108710776025516,0.9912050308693621,1.035377144324885,3
MT_103,1129.8938780023018,642.0845062005229,1408.050847457625,2333.7436440677957,0.0,1460.8958991738518,578.1645552327435,1134.612736951255,1118.0734029373743,7.030763641477097,0.5682697402105205,2.065453817255308,0.3957602671087635,0.985422917150964,3
MT_104,570.5185396687965,384.92683330489564,635.1485148514855,1562.957920792065,0.0,773.3408492444988,232.44502848995273,573.0920747417284,564.0719797085641,6.348296923074036,0.6746964380533419,2.7395391818537886,0.3005725427685738,0.9842606358152209,3
MT_105,219.3173341710034,153.1141961148605,201.670317634173,645.7482201533404,0.0,298.66154317463275,87.06277408005329,220.73863022636718,215.7570678515294,5.395068935102327,0.6981399336820174,2.944355461690461,0.2915098148878444,0.9774322593917893,3
MT_106,51.74125972133349,27.68634119971712,35.137701804368476,123.84852801519455,0.0,63.34479483904772,32.39462202027681,59.8033249973409,31.295239501540323,3.9653980661410904,0.5350920328942321,2.393612075664437,0.511401402255292,0.5233025800807235,0
MT_107,18.993564530901743,7.443324818786315,16.4418212478921,43.25815064643061,0.0,22.25048781118154,13.563278494406118,18.792316895538445,19.50394407769963,2.995410448318892,0.39188646700895297,2.2775149867683635,0.6095719120311172,1.0378674331346445,0
MT_108,25.360479215783496,7.976341583416819,24.17582417582415,39.62568681318684,0.0,29.00028261967918,19.29181505060673,25.210078003042835,25.74190830764764,3.271865889127006,0.31451844306113064,1.562496940655434,0.6652282893695901,1.021095535427747,0
MT_109,70.61541831685749,32.52930740497452,53.19148936170215,170.212765957447,0.0,82.70616047837571,50.455397058005175,78.7127441526914,50.039401103230894,4.271310390405266,0.4606543949434495,2.410418941221849,0.6100560183861639,0.6357216392931908,0
MT_110,22.021604621475294,19.56034024783409,15.8730158730159,114.08730158730164,0.0,21.874125767803932,22.267496922537173,22.33246033336196,21.233250526949718,3.1364331064020075,0.8882337005733908,5.180696490621749,1.0179829346818,0.9507793007220458,0
MT_111,53.75795572611386,20.722131278546527,48.10855263157897,127.6212993421056,0.0,52.81695449561404,55.32689223537956,48.15717015957672,67.9619805038511,4.002922668206132,0.385470897171252,2.373997929763762,1.0475212417777993,1.411253322529432,0
MT_112,35.362137223073574,13.437027247082238,26.81340872374797,93.69951534733444,0.0,36.909459289382404,32.78216878627669,34.691549235936655,37.05635360724212,3.593528047094305,0.37998335232071717,2.6497122687786363,0.8881777337206797,1.068166275122503,0
MT_113,32.8266832237702,7.469070774876826,32.75602409638555,50.07530120481929,0.0,34.494746226284455,30.045512636979502,32.338668941444,34.0643251359095,3.521249935531817,0.22753040411235761,1.5254445783944866,0.8710168131028941,1.053361678675562,0
MT_114,306.86363860781705,115.10414627504784,291.3907284768212,669.7019867549668,0.0,329.75435630078437,268.7083423780564,320.35616330935386,273.0656265199985,5.729656953146116,0.3750986693837925,2.1824089943311287,0.8148742513782364,0.8523813469837869,3
MT_115,23.387674556081652,10.547799382783664,21.00271002710025,51.63730803974709,0.0,28.46104984996208,14.928808121286767,23.219691786679416,23.813691833564658,3.194077863528192,0.4509980181018326,2.2078845777111997,0.5245345113634852,1.0255812952441103,0
MT_116,42.580575430078746,15.277427981831229,40.73838319541695,81.6915977084659,0.0,49.9359843237104,30.316216660182903,41.862795203022905,44.404518125103145,3.7746115334237658,0.358788584692387,1.9185174859235097,0.6071014920351407,1.0607153034717487,0
MT_117,17.350856584191373,7.389593770273222,16.581632653061224,36.16470025510205,0.0,19.71819379691532,13.403782273977052,17.283257503812987,17.522293073098144,2.909676253748491,0.4258919134912828,2.084316658169237,0.6797669002728289,1.0138298831070238,0
MT_118,97.6308347995002,42.89495837629622,88.9745308310992,232.32992627345803,0.0,114.19098948961407,70.02761080770377,98.8137881878807,94.66760339513185,4.591383938881216,0.43935867260380207,2.379677516368755,0.613249828101145,0.9580403256550726,0
MT_119,80.68771271772822,25.927423088210073,74.06914893617025,174.2746010638297,0.0,85.96712403288201,71.88774823647776,75.47748925522917,93.73902812838082,4.40290359542363,0.3213304603838256,2.1598651590837266,0.83622362249486,1.2419466603073295,0
MT_120,39.92947853065298,11.4863542601812,39.4185437401781,57.44499738082769,0.0,46.34299266029636,29.236191269653077,39.71222191563463,40.48045808632196,3.7118505499064876,0.2876659502253173,1.4386609870228726,0.6308652782807429,1.0193448248468975,0
MT_121,112.7104243882702,50.85658969792087,102.53456221198147,336.10311059907855,0.0,129.8342503575401,84.15977549355031,110.71304788711846,117.77592546410776,4.73365507982798,0.45121456566059975,2.982005281261314,0.6482093036290228,1.0637943501135205,0
MT_122,21.711968177961765,8.97733242616998,19.76961394769615,56.29669987546701,0.0,24.0999108944905,17.7305381983144,20.852759125828744,23.890988695845873,3.1228920180584594,0.4134737218593104,2.592886719672999,0.7357093940655959,1.145698614494989,0
MT_123,61.92577131680954,24.579318385712064,50.9915014164306,142.19015580736476,0.0,70.95280653713313,46.879095737312625,68.03233461066327,46.62917526928185,4.141955798662735,0.3969157572669994,2.2961382607338656,0.6607080314109655,0.6853971524299528,0
MT_124,280.6910900754221,124.5602991546745,307.4162679425838,553.8277511961724,0.0,299.02476478414184,250.1325385454394,264.84451008077593,320.2662729266348,5.640811045256884,0.4437629091952149,1.973086254061344,0.8364943631376482,1.2092614671768767,3
MT_125,38.32189814672893,19.522182266013523,44.12850812407682,76.44017725258493,0.0,44.7044814085733,27.683116159495572,36.983080965086266,41.67555954735498,3.6717815684456627,0.5094261536055555,1.9946860933935433,0.619246865074201,1.1268814601434642,0
MT_126,58.93912042135055,19.213704120297056,61.9486768243785,97.7435846030469,0.0,67.726237101862,44.29235204792415,58.7683433756663,59.366907272368934,4.093329387462372,0.3259923243342752,1.6583818577621825,0.6539909406364613,1.010184969670266,0
MT_127,66.63828982409127,47.09042296641492,87.551867219917,129.460580912863,0.04333154007922923,70.11056889979801,60.85040322078725,84.880295495874,20.923798587276373,4.214174240211209,0.7066570289266391,1.9427353527116853,0.8679204219345357,0.24650946370938157,0
MT_128,300.7845443466758,156.40262228697048,275.60240963855426,669.6453997809416,0.0,354.86289213474254,210.64427844738339,362.12115227962107,147.13980681972882,5.709713333447427,0.5199822265697369,2.226329078750258,0.5935934051720095,0.40632755593033,0
MT_129,111.3037560321454,41.93266710783642,100.3702588801927,244.45596779048756,0.0,114.74872203742241,105.5615289776751,114.82937173039024,102.47228789536969,4.721207307597772,0.3767407752916998,2.1962955657752565,0.9199363435514814,0.8923873520103595,0
MT_130,42.32529509579683,58.035691127447066,0.0,206.04395604395626,0.5411646181744912,25.839408818132245,69.80472509757844,28.649036331584977,76.58355063016084,3.768736646791326,1.3711818732574326,4.868103267716733,2.701482010446555,2.673162301592185,1
MT_131,70.58296103251428,94.860944607104,33.85416666666667,385.416666666667,0.4458078927773641,50.056091652767854,104.7971273497485,46.96710983663539,129.56108940972223,4.2708570712399725,1.3439636107610997,5.460476670628154,2.093593465921726,2.758548743469292,1
MT_132,13.419462651491907,15.893244355273534,0.0,53.88634879163945,0.5479374534623976,9.357092645099524,20.190617106149904,7.508297411371117,28.181982092314403,2.6685788670495736,1.1843419460679483,4.015534007265826,2.157785146957224,3.753440096183808,1
MT_133,1.8941550914279992,1.3858802184198127,2.9828398384925974,2.9828398384925974,0.30985408034588363,1.2864178796589159,2.9083165635676567,1.8934532572050509,1.8959127785254977,1.0626932174533903,0.7316575649564981,1.5747517742731987,2.260769227373064,1.0012936724867123,1
MT_134,14.328772817050039,10.464113481976595,13.077474892396001,51.10832137733141,0.0,17.57489236018637,8.917673528707656,16.348962832728834,9.24684306488963,2.729731638606408,0.7302862787148386,3.56682922966191,0.5074095631341584,0.5655916833122674,0
MT_135,32.45723996477191,15.510165635463663,38.15312984997413,59.751681324366274,0.0,42.7679036904582,15.270953625664486,34.20401755977779,28.081660777281876,3.5102682045524407,0.47786444175948095,1.8409348108425356,0.35706566694347625,0.8210045067997925,0
MT_136,133.5552084348913,72.24404084937272,158.33333333333348,248.4112903225799,0.0,182.20171325471597,52.468987074818116,140.72426797141912,115.59711932750135,4.901974586456338,0.5409301238542915,1.8599893978959823,0.28797195842910367,0.8214440393219067,3
MT_137,71.17070261007458,29.243496471787196,78.56532877882152,132.69534585824047,0.0,89.85383682657562,40.02879914979182,74.38721100835264,63.113530796026375,4.2790341825234846,0.4108922813799061,1.8644656065935856,0.44548787351364355,0.8484458747146854,0
MT_138,114.86158873633283,41.51447262829697,109.48081264108332,225.88694507147997,0.0,128.91838065104238,91.43108442712864,116.7291315184273,110.18349957807791,4.752396278126963,0.3614303917499381,1.9666010882367055,0.7092167685727262,0.9439245259992247,0
MT_139,398.4924461163745,129.96283477417325,430.10075566750623,691.2258606213267,0.0,464.1651116448801,289.02624059814536,412.2976524668024,363.91118416371376,5.99019485668307,0.3261362487028345,1.7346021236082403,0.6226797902735816,0.8826418805927996,3
MT_140,64.84220718524179,61.285371610659425,35.5029585798817,295.1849112426008,0.0,76.28725788668504,45.76507270062225,66.77567717030641,59.99897410824723,4.187261079276566,0.9451461450736464,4.5523568449134615,0.5999044659536162,0.8985152628264883,0
MT_141,8.680653674977172,4.633614775825149,7.18685831622177,22.843942505133448,0.0,9.023075130703248,8.109889915889427,8.663291823671448,8.724144131602454,2.270129427415278,0.5337857736824868,2.6315893992049544,0.8987934612623292,1.0070229929845873,0
MT_142,57.624153730060975,41.765224116919796,56.938159879336375,157.15403469079934,0.0,59.87817413083369,53.86704933285678,57.17480936878232,58.749735968376925,4.071146791354125,0.7247866418082524,2.7272245620254667,0.8996106030062201,1.027545633147282,0
MT_143,171.88402779257893,63.10381424216721,172.57360959651027,316.7318702290075,0.0,180.3466772589113,157.77809622645157,169.34608750571462,178.24142482471706,5.15262101012586,0.3671301596854371,1.842706712599012,0.8748599634654803,1.0525275010763224,0
MT_144,180.11916690242677,18.970060330062957,177.904564315353,209.88934993084376,0.0,181.7014189297407,177.48080121517188,180.3649472459847,179.50410464964256,5.199155195304741,0.10531949266201299,1.1652804190002708,0.9767716316848514,0.9952271626956444,3
MT_145,77.86762622258821,5.725600867969639,78.11577082102775,93.47312463083284,0.0,79.0806419119498,75.84571613747285,78.77153325914048,75.6033901642189,4.367770829614353,0.07352991750774027,1.2004104550398271,0.9590932080570251,0.9597804871678204,0
MT_146,83.8514921900184,7.915016642491179,86.2258953168044,95.45454545454542,0.0,84.67170331806572,82.48408915082138,84.06721982032282,83.3117134673178,4.440902577736777,0.09439325993891823,1.1383760929915485,0.9741634593004321,0.9910129505323324,0
MT_147,2750.6024581906104,250.342176885322,2747.560975609755,3495.1219512195125,0.0,2816.052428802818,2641.5074507542495,2781.9438618688414,2672.094012677415,7.919938733019177,0.0910135796722385,1.2706750581514088,0.9380178488001548,0.9605132726428329,3
MT_148,343.3707188557944,25.79814246624648,341.9305413687438,425.39900408580064,0.0,351.98589195642336,329.0105539132091,349.75953923714616,327.36708475081224,5.841718748195189,0.07513203746927696,1.2388912866957151,0.9347265105917264,0.9359775464739314,3
MT_149,23.44740256516213,2.078477903620773,23.142112125162974,30.3129074315515,0.0,23.269926371260674,23.743228010343376,23.486004111670113,23.35070787203795,3.196523975723895,0.08864423304040588,1.2928039436039966,1.0203391892238793,0.9942388589656459,0
MT_150,27.68105769721644,4.221981200815071,28.1517747858017,38.555691554467565,0.0,28.0270871952947,27.104279887953265,27.74365152132631,27.524263704195455,3.3562368943127785,0.15252233934746767,1.3928542054880586,0.9670741032897134,0.9920919660527792,0
MT_151,99.37314430279378,46.91638653312965,80.98891730605287,223.804347826086,0.0,121.09757242116984,63.161872930841845,110.91132510910002,70.47065325761845,4.608894684452627,0.47212335023776786,2.252161052915213,0.5215783145130741,0.6353782793102136,0
MT_152,1058.065380135849,111.34290522867884,1035.529715762275,1426.8723083548662,0.0,1103.6474755054921,982.0825826639104,1089.3493193448692,979.3684356914034,6.965142081312195,0.10523253691757474,1.3485672262388857,0.8898516922856916,0.8990398298408024,3
MT_153,181.35581054261132,72.36619376199587,158.44700944386176,304.82686253934924,0.0,213.84729278000248,127.19752042956067,203.71882184107818,125.33773068691792,5.205959781526899,0.39902879072465575,1.6808220526218356,0.594805353053325,0.6152486225951578,0
MT_154,33.47112880298369,5.0888360855286345,34.054910242872225,44.350580781415,0.0,33.594244133123915,33.265914534259906,33.53746596094266,33.304957970158526,3.5401221273956556,0.15203653856781843,1.3250394927543214,0.9902263167515819,0.9930669203891513,0
MT_155,149.44390895403765,90.57208193262248,113.888888888889,396.90624999999864,0.0,191.57612763271007,79.21599797002806,178.23461395388907,77.32481952291275,5.013590316739961,0.6060606718997944,2.6558875916662052,0.4134961637127325,0.4338372523114105,0
MT_156,77.80155084309995,28.0173114478752,75.84684965689335,157.29179663131634,0.0,84.65343264230414,66.38084079097125,82.07711307070879,67.1237795507122,4.366932677420169,0.3601124597535628,2.021704898035683,0.7841481541566808,0.8178135031960805,0
MT_157,2135.706820239223,550.471602712174,2117.43515850144,3113.112391930836,0.0,2250.7851734587894,1943.8889525943569,2261.513310960515,1820.5686686937267,7.667021053693688,0.2577468006929186,1.457649686676393,0.8636492575480597,0.8050223060019345,3
MT_158,74.91222590098788,51.95340886066902,65.76871657754012,197.60695187165769,0.0,79.17732490357892,67.80316294869452,92.2878774402926,31.518346145276283,4.329577750494144,0.6935236712108857,2.637846134146048,0.8563456073794892,0.34152202438990353,0
MT_159,62.2929364499619,46.1125093303913,44.090038314176226,151.5884339080458,0.0,67.23756948951859,54.05122681254355,75.32723837889883,29.741125122226215,4.147773734455458,0.7402524998144393,2.4334767023713084,0.8038841853456278,0.3948255878487325,0
MT_160,5.394260094513051,4.863301526315592,4.429495912806541,36.64764986376022,0.0,4.509539106050937,6.869404387258766,5.669233065050892,4.6961242246880825,1.8554007277135247,0.9015680418491558,6.7938106957301825,1.5233018259056903,0.8283511874165739,0
MT_161,1781.7702597142934,377.05167025807776,1818.6728395061725,2504.432870370368,0.0,1705.973919495701,1908.1075273463164,1823.2453166235405,1678.1906254018775,7.48592375914859,0.21161632151295123,1.4055868553536668,1.1184857484371802,0.9204414792109797,3
MT_162,288.1369565217392,141.1736406082704,292.41781548250253,579.2006892895014,0.0,294.63604798003723,277.304277073575,337.7294531242226,164.28486214209968,5.6669004738573365,0.4899532410313594,2.0101575173826305,0.9411756285863813,0.48643923637089653,0
MT_163,2402.2422117070596,358.2826495351691,2418.77880184332,3508.4821428571386,0.0,2473.996481879201,2282.6422625758137,2485.1603016294816,2195.1629194268435,7.7845740262071095,0.1491450971503488,1.460503071319749,0.9226537992549705,0.8833083761858037,3
MT_164,112.34517298457394,69.36704728610724,89.3515106853353,247.0523212969785,0.0,90.49858611448677,148.77298159890583,127.2537141070671,74.9767593637415,4.730437790996693,0.617445674512204,2.1990468548251076,1.6439258506363796,0.5891910817530064,0
MT_165,86.06435190549372,28.3174957837729,92.4735249621785,142.77609682299527,0.0,104.2155014390379,55.76282959506506,85.900200574983,86.47547119263741,4.46664752230296,0.3290269648994553,1.6589456269922276,0.5350722634766725,1.0066968475840028,0
MT_166,1288.5455139796913,381.84771264829783,1407.554945054945,1873.3516483516494,0.0,1505.0035628536345,927.7534444308671,1289.0292497908765,1287.337434180403,7.162045120533872,0.2963401024970819,1.4538497969134812,0.6164460079465164,0.998687519621744,3
MT_167,76.63365340573746,27.384002637079444,82.97610556348073,140.0130260342367,0.0,94.8339340631408,46.2959372608789,76.60193769857199,76.71293730174955,4.352001011087076,0.35733646833630606,1.8270433620396922,0.488178971340208,1.0014489135917837,0
MT_168,137.35632233729277,44.530583767729524,152.76523702031625,216.59781320541725,0.0,167.80758969039476,86.60017893738448,137.14060642081552,137.8950503682868,4.929832403326087,0.32419753068522567,1.5769044609719105,0.5160682775819565,1.0055011707483967,3
MT_169,40.03995639681473,11.207375550641965,43.29106628242075,59.433717579250725,0.0,47.6449678959652,27.36393047865169,40.126191487891134,39.82459323967338,3.714546138406168,0.2799047191891134,1.4843598266350895,0.574329796907493,0.992483508604502,0
MT_170,84.97869932322487,34.0566079902602,89.38974056603774,213.2785229952827,0.0,106.58054485320653,48.969064307861004,83.98583169984438,87.46633676178568,4.4540995832871015,0.4007663597327954,2.5097877420573296,0.4594558958273967,1.0414414500289249,0
MT_171,247.444049565499,62.2535391509836,261.0045317220545,377.45585347432,0.0,288.42821690899916,179.13167850089613,247.82967711834766,246.48098492179628,5.515217667532092,0.25158631514653496,1.5254189336253052,0.6210615390199423,0.9945579473862333,3
MT_172,124.0386892025344,39.41280784845046,130.7814445828145,219.84122042341227,0.0,149.80086173157542,81.09832458601926,124.6632859960757,122.47882377283105,4.828623203033117,0.31774605910769793,1.7723599315117649,0.5413741832646835,0.9824770217585662,3
MT_173,63.04895100423245,24.232354564207675,69.27507836990596,116.98714080459797,0.0,79.39197826325862,35.807399451912744,62.878933064860426,63.475219940154915,4.159647650444886,0.3843418539852063,1.8554967273250493,0.4510203137019035,1.0094829341307379,0
MT_174,145.32433817953478,47.482812772394624,151.8125960061445,279.2127496159745,0.0,171.78599427504176,101.21807502113812,145.00314363560352,146.12648809523807,4.985825652218379,0.32673680196888966,1.9213074279268947,0.5892102528857979,1.007746965713984,3
MT_175,164.24574438548322,58.502430457258676,176.8503289473685,282.060032894737,0.0,203.99035220959837,97.9994699463207,163.7768341611328,165.41679882598342,5.107433725816127,0.3561883877981651,1.717304863982936,0.48041225519089514,1.0100133487932954,3
MT_176,85.15736744423826,28.397728680354398,91.76119402985077,139.049751243781,0.0,104.45635439670843,52.98983438644744,85.32441847073294,84.74017490671646,4.456175478112984,0.33347349968532625,1.632856194225003,0.5072915823989488,0.9931525639903128,0
MT_177,151.76166940835805,49.216973913265406,152.32784431137702,272.19380613772466,0.0,180.9424161801844,103.12063439504419,150.4798643842749,154.9875005045057,5.028878990605785,0.32430435736568985,1.793560846182452,0.5699085425789282,1.0299550098554697,3
MT_178,458.6552514478812,159.69415572142907,493.44076655052277,855.8797909407667,0.0,558.674149659864,291.7805007234395,458.27934799240006,459.5944879984515,6.1304767551283925,0.34817905547906974,1.8660633876496449,0.5222731276869569,1.0028697125085726,3
MT_179,79.1727837524722,25.445781597308333,87.29916317991632,121.38634937238504,0.0,96.16246246485579,50.84666098747131,79.02982726345574,79.5301087914536,4.384184102571301,0.3213955247917948,1.5331825949187843,0.5287578374823306,1.0063301601688757,0
MT_180,155.20113545477037,44.64633399023967,163.56864274570975,250.58693447737903,0.0,183.45754539588302,108.10337829716522,156.85534631270548,151.06991615070854,5.0511445066158505,0.28766755463960647,1.6145946200532815,0.5892555259656053,0.9631160816053795,3
MT_181,93.28975860348775,14.084329804619749,97.04896997206703,97.04896997206703,0.0,94.37949373933111,91.47269214260947,93.45926342382835,92.86111497999161,4.546372579324641,0.1509740029957925,1.0402959662656803,0.9692008171101426,0.993599795697917,0
MT_182,53.073177543051614,15.083163828404041,56.331233421750696,84.2834880636604,0.0,62.75194442285099,36.9406181329968,53.27493681249534,52.56930478420646,3.9903382688773164,0.28419555196621576,1.5880615422861455,0.5886767746558815,0.9867547117264623,0
MT_183,85.73278323500772,30.32059721723961,95.5436390532544,141.5865384615385,0.0,106.2499111791601,51.53485393333678,85.69185279908187,85.83500273514544,4.462831934980586,0.3536639373702179,1.6514863580080317,0.4850342791919628,1.0016704028992716,0
MT_184,92.16789316572516,23.739910747932093,95.07225433526017,143.68175578034675,0.0,105.89574555544762,69.28508692111708,93.0336932471942,90.00354453769707,4.534403168409892,0.2575724295826266,1.5589131448720885,0.6542763357955269,0.9674294518681484,0
MT_185,69.68697294853688,26.20030374805209,74.55350118017313,135.29701022816676,0.0,87.31916202169748,40.29341983127117,69.49665111973987,70.16272167492235,4.258261297771257,0.3759712738231291,1.941496166193365,0.4614498614492001,1.0095840655428738,0
MT_186,561.8473933059598,181.47745968146106,605.263157894737,823.6257309941516,0.0,684.7893039804313,356.62476067674754,560.179970504194,566.0232635682773,6.333008531549011,0.32300133205854764,1.4659242458857422,0.5207802653984442,1.0104310815585094,3
MT_187,48.199790889651815,47.45542091851102,44.55630126771065,133.8553318419092,0.0,56.93745950065181,33.635853177035855,48.67223579122859,47.0199089609744,3.8958893732789015,0.9845563683376,2.777093045433037,0.5907507564355454,0.9660517651611636,0
MT_188,35.05504511190192,10.837114850676958,32.859531772575224,60.49609810479375,0.0,40.74408035255846,25.572566595207924,35.017282320979554,35.149353748606465,3.585046801564776,0.309145565912904,1.7257453429093046,0.6276386679375733,1.003771320364133,0
MT_189,417.5450757638039,119.8141200117318,429.21924290220824,710.7147082018923,0.0,477.95212668805794,316.85866085947737,416.206341467025,420.88842521852,6.036784592047738,0.2869489405977778,1.7021268658971314,0.6629506106095296,1.0112494048564897,3
MT_190,390.054009712575,104.52995861247491,391.05571847507326,686.3233137829905,0.0,439.3264370863981,307.92677472928057,389.5615568208575,391.28385951246327,5.9688456827032095,0.26798841527002204,1.759559648401347,0.7009065280987365,1.0044211052585632,3
MT_191,1961.1676545584082,513.7744981572978,2089.9280575539574,2985.1528776978407,0.0,2237.6806056227206,1500.27613127925,1963.6512276727103,1954.9651894109709,7.581805087319857,0.26197377584898296,1.522130377552396,0.6704603511353833,0.9955765830025733,3
MT_192,468.4342616144807,137.20052019829205,487.322893363162,771.2527964205816,0.0,548.1926594970273,335.493040044565,468.1683935851648,469.0982393231109,6.151528270984371,0.2928917214477584,1.6464482706664965,0.6119984062398782,1.0019861138232002,3
MT_193,307.14338522500515,92.8135034529794,296.422719825232,553.386127799017,0.0,350.48153429922576,234.9073996553054,306.7107439993303,308.2238616193337,5.730565211089925,0.3021829702214065,1.8017191201315625,0.670241852891266,1.0049333373553857,3
MT_194,2698.590180250388,903.425871969598,2610.1694915254225,5062.229872881355,0.0,3122.8549067029317,1991.4261385818713,2697.1629173220695,2702.1546207406427,7.900855255379449,0.3347769791921513,1.8758794466719886,0.6376940945704875,1.001850720016951,3
MT_195,454.455713715159,153.2011419681568,487.3096446700508,791.3472927241958,0.0,542.2840057377218,308.06360028438223,452.5308217280762,459.2629309433164,6.121298486320513,0.3371090602968823,1.741307791779935,0.5680853415258669,1.0148765536914521,3
MT_196,20886.763334574338,7292.0465871856395,20760.41666666665,41880.10416666666,0.0,24833.775901437537,14307.886550172096,20926.01662321863,20788.732335069446,9.946918780104816,0.3491228615409128,2.0051026325026884,0.5761462373340658,0.9934395398534064,3
MT_197,157.47591553975613,50.90033249625772,171.53897849462373,252.016129032258,0.0,190.6011254198467,102.26284728449784,157.4687384372162,157.49383960573476,5.065602629340835,0.32322612057553834,1.6003470255434973,0.5365280068203073,1.0001593406232512,3
MT_198,248.42249516249908,91.15140836209666,258.09061488673126,448.3818770226537,0.0,295.19758681073637,170.457816986307,247.93774529158273,249.6331074703344,5.519148226301512,0.36692089672983674,1.804916493895577,0.5774363302001903,1.006837813695449,3
MT_199,469.956873689262,178.1084008310141,450.258027522936,879.873853211009,0.0,557.5987721543129,323.8754408624874,468.9674836890492,472.4277721533352,6.154766526531806,0.3789888115539985,1.8722437818206026,0.5808395771798087,1.0073785038640235,3
MT_200,858.0876694624762,278.3352074808318,906.6629955947135,1475.2202643171818,0.0,1009.8585469587571,605.1161155101769,851.9238560725425,873.4811513399412,6.755870976686248,0.3243668615020632,1.7191952519832123,0.5992087816065216,1.0253042391766531,3
MT_201,297.10269528859544,89.34186642703428,305.27479469361975,530.9538850284271,0.0,347.851223635208,212.51509661078265,295.84018676013454,300.25567882712147,5.697438042201673,0.3007103767037417,1.7871055213471605,0.6109367340454728,1.0149252269142013,3
MT_202,243.59944947720575,71.38804690876029,249.718309859155,417.14718309859137,0.0,281.1340507136218,181.03681191198024,241.36753575467404,249.17342150821597,5.499621972544103,0.29305503001512306,1.7124306597142713,0.6439518977260961,1.0323402043515653,3
MT_203,539.4779197991977,175.367398241488,559.1397849462364,911.2217741935482,0.0,627.1502182818757,393.3458162520177,539.9429691546975,538.3165074764786,6.292453784809479,0.3250687165400122,1.689080727607744,0.6271955243157888,0.9969876973291417,3
MT_204,893.6346617063601,274.4609766474268,923.1343283582097,1423.69029850746,0.0,1036.4151434571245,655.6482908136046,892.2251633386766,897.154737056903,6.7964154357281075,0.30712883613093744,1.5931457715141912,0.6326116408338757,1.0055250220073708,3
MT_205,534.1951834370307,143.84173727394548,577.8601694915253,796.0805084745763,0.0,620.3666208308599,390.56471372221705,530.547975468797,543.3037054201977,6.2826315092164045,0.2692681234147067,1.490242739461144,0.6295707962227626,1.0240425377171676,3
MT_206,210.43492241387398,70.12973431429243,223.94043528064125,368.6998854524627,0.0,253.03314209325865,139.4322504542324,209.74365360060298,212.1612942678503,5.353917255695701,0.3332608968950289,1.7520849852405698,0.5510434079517091,1.0115265969219027,3
MT_207,859.9806513998004,277.4810955978592,931.6326530612246,1599.8265306122419,0.0,1015.8894852007993,600.1119558228374,857.5920598979947,865.9459098639455,6.758072031933414,0.3226596923077317,1.8603052398971227,0.5907256238575636,1.0097410415268235,3
MT_208,6707.1252745327465,2060.033160046801,6928.5714285714275,12016.806722689074,0.0,7781.830959689095,4915.806862856342,6721.965107210767,6670.064338235295,8.811074798161195,0.30714099896082586,1.7916478689314104,0.6317031148586799,0.9922789276542678,3
MT_209,586.7980384400596,185.15103745193952,638.671875,1015.625,0.0,689.5242695675482,415.5740543089754,587.6342299921794,584.7097371419271,6.37638341685788,0.3155276980626366,1.7307913731136826,0.602696767356202,0.9950232599613474,3
MT_210,737.4514237860781,198.51799506263148,773.9018087855297,1196.8636950904393,0.0,851.7925331493701,546.8677716821315,734.0945153085281,745.8349530307925,6.604555322944234,0.26919466959802285,1.622972904053813,0.642019909754285,1.0159930735314093,3
MT_211,193.69279771034996,59.337798390287055,206.0,322.75,0.0,226.3616946628544,139.2403114078634,192.70361532846715,196.16317766927082,5.2714229199648726,0.3063500348398137,1.6662983195671537,0.6151230907862681,1.0179527102041115,3
MT_212,365.6775066812123,108.18525627609763,405.0387596899225,560.077519379845,0.0,427.37741797851174,262.83615333936734,363.8693163906201,370.19327357881133,5.904482733357389,0.2958488048648903,1.5316159562199863,0.6149977423528848,1.0173797204917525,3
MT_213,1205.992072657614,324.74825379050344,1207.7006507592175,2112.7982646420837,0.0,1363.9802368906205,942.6575510984685,1198.5197659347793,1224.6533803326104,7.095886653269512,0.26927892683579147,1.7519171933419033,0.691107919815837,1.0218049004468435,3
MT_214,399.5374747313141,144.2049777134372,415.73319755600824,810.2711303462319,0.0,479.4752769896255,266.2972221188704,401.3511976791847,395.00789059848097,5.99280733199698,0.3609297831226373,2.0280228046465605,0.5553930084505739,0.9841950965654646,3
MT_215,408.49559748315096,117.40721919113156,424.67948717948724,696.2630208333331,0.0,475.8012647254908,296.31057547516855,409.1739412465576,406.8015045948518,6.014926152278436,0.2874136637955751,1.7044565671665188,0.6227612056023226,0.9942018629375646,3
MT_216,2218.2416076468858,752.3919898424721,2307.3089700996675,3826.2001661129552,0.0,2591.8254705742197,1595.552380996361,2219.285260289823,2215.6351938849666,7.704920798324465,0.33918396619057695,1.7248798037482473,0.615609497226976,0.998355291924963,3
MT_217,215.87561426346272,87.0220602387841,219.08127208480576,438.9896201413426,0.0,261.9450046769062,139.08719823279458,215.0767415446744,217.87071566272823,5.379323983035846,0.40311202589774153,2.0335302868914145,0.5309786040568495,1.0129905445288143,3
MT_218,1306.2294724307371,385.1253707140929,1363.89413988658,2086.01134215501,0.0,1512.2273403497773,962.8724225275558,1305.5974934507628,1307.8077741020793,7.17566527008072,0.29483745076509876,1.596971566032327,0.6367246448127287,1.0016929188708423,3
MT_219,509.9676123908118,189.9830885037232,504.30107526881727,1065.4543010752686,0.0,612.7688177166999,338.6186613372962,508.61745086167275,513.3395001680107,6.236306207355155,0.3725395106713861,2.0892587181912536,0.5526042546894194,1.0092840684201798,3
MT_220,2965.523813114414,1217.5121178084432,3294.303797468355,5939.87341772152,0.0,3745.075747293878,1666.1673922441962,2972.8708702366657,2947.175303270042,7.995146113009953,0.4105555006230917,2.002976125642256,0.4448955108582737,0.9913566454777955,3
MT_221,159.6081172237871,57.93850026639934,169.8334200937015,314.90694950546566,0.0,194.2459088052409,101.87387923039486,159.55273452575915,159.74642974308085,5.078967343347401,0.3630046995361556,1.9730007173377426,0.5244582735997552,1.0012139259521822,3
MT_222,953.0840808637379,346.2545525210136,1001.3333333333325,1754.915,0.0,1138.4066244936857,644.1886417791899,950.4422740354536,959.6817182291666,6.8607518026419125,0.36329905812111335,1.8413013256884796,0.5658686643772919,1.0097211943838227,3
MT_223,350.98317379002236,414.2307827379207,0.0,1300.9933333333315,0.548801191362621,405.1596248113732,260.681916865237,350.7464884254432,351.57427083333334,5.863583372722667,1.1802012229330525,3.7067112996264178,0.6434054492782839,1.0023600304254103,1
MT_224,3443.8650311126594,1049.8693157817645,3506.1956521739125,6031.733514492753,0.0,4004.003456135461,2510.0909637518134,3440.467508231611,3452.454899230073,8.144640004483659,0.3048520494411035,1.7514430567070052,0.6268953024095343,1.0034842302492142,3
MT_225,340.5310567531737,106.80200706474497,352.7146341463415,573.7646341463411,0.0,397.2163248429482,246.04810592998703,339.85217457208984,342.2264942835366,5.83343861705206,0.31363366662272263,1.684911275840279,0.6194309859569843,1.0069863011604188,3
MT_226,487.015776427726,122.76506292990658,485.2598913886733,793.0071761055078,0.0,544.2983695454269,391.53720481732455,484.1061551946324,494.28225237183227,6.1903477340759245,0.2520761469158765,1.6282987085947194,0.7193429551348628,1.0210203626989727,3
MT_227,274.24031960710647,94.68655966526337,290.9416581371545,493.34698055271247,0.0,331.7660492007134,178.35648835040726,273.96650596674505,274.92414065165474,5.617644605527859,0.34526854529717477,1.798958531225191,0.5375971513785994,1.0034954077564207,3
MT_228,5817.521652231846,1955.8401958784696,6302.631578947367,9197.36842105263,0.0,6848.663832562105,4098.814848877555,5833.753361505955,5776.984649122807,8.66880149681505,0.33619818015909664,1.580977081832495,0.5984838711756915,0.990268919721491,3
MT_229,973.9453304155383,272.88608192429973,1046.7542503863974,1434.6000772797513,0.0,1116.7496184807062,735.9192791806258,974.9036013654098,971.5521485381247,6.8823813980571105,0.2801862390017407,1.4729780181171899,0.6589832317041511,0.9965622623732092,3
MT_230,99.02839117212987,29.116042818769305,102.43834080717487,188.621076233184,0.0,116.37226061536587,70.1196461152349,98.869687659277,99.42473666386398,4.605454057414084,0.2940170948348462,1.904716970087453,0.602545999527625,1.0056138434497872,0
MT_231,644.3414603712129,214.17437968770662,693.4246575342468,1195.1255707762562,0.0,778.7658628744384,420.2829944037632,641.79115564634,650.7105807648401,6.469779572639547,0.3323926668328801,1.8548015698690479,0.5396782384062252,1.0138976907067854,3
MT_232,86.06486201508466,32.36205414717922,94.8684916800859,157.5439546430487,0.0,107.08277354098873,51.03222711666554,85.96513318187388,86.31392438760845,4.466653381280663,0.3760193141460444,1.830525636701532,0.47656799187641236,1.004057239862867,0
MT_233,139.92362365928966,54.26102666523052,148.85985748218525,281.7472980997619,0.0,174.61234569908265,82.10449482648133,140.13592373951158,139.393426323527,4.948218067443379,0.3877902913624633,2.0135790554568436,0.47021010911722483,0.9947015201870721,3
MT_234,88.70136018396636,29.76295001091558,93.55039637599094,162.54388448471144,0.0,106.44366985694091,59.12849533191149,88.70622250669287,88.68921703944885,4.496485932650634,0.3355410401123153,1.8324844830197768,0.5554908982043791,0.9998081818293575,0
MT_235,794.749284963427,275.5532347765912,798.6887254901962,1392.6041666666633,0.0,955.4242450256255,526.9364146770703,792.3578832627943,800.7215616064135,6.679284167592432,0.346717180528322,1.7522559321436688,0.5515208682481452,1.0105554174631606,3
MT_236,148.26002741543203,44.691071299063566,152.7667445482865,273.72129088785016,0.0,174.85632390171514,103.92934578202055,147.85318809142117,149.27606624805296,5.005689935378904,0.3014370701515267,1.8462243478387195,0.594369923370566,1.0096235196465075,3
MT_237,86.36087951401923,24.149359911635806,94.53856749311295,146.03272038567454,0.0,102.42892837695297,59.57867098433976,85.89870138775183,87.51512124081725,4.470047579643023,0.27963306130277366,1.6909589654234465,0.5816585813384283,1.018817626329327,0
MT_238,411.4468261355175,97.94842200840536,433.08125,645.55625,0.0,468.97739903502503,315.55492206115963,411.2774238790406,411.86989062500004,6.02210729112746,0.23805851304722214,1.56899067705402,0.6728574041774212,1.0014405282107788,3
MT_239,116.74270009074085,31.978792475878894,123.55104501607725,193.263665594855,0.0,136.56276206324068,83.70663968622063,116.71798472082054,116.80442415259914,4.768501735991666,0.2739253907248056,1.6554666706352503,0.6129535774761296,1.0007404979153842,0
MT_240,366.3514212920184,122.42635129438334,383.819277108434,675.3855421686746,0.0,441.06990477994896,241.81072423131766,364.66068645803233,370.5738554216868,5.9063189410992765,0.3341773522287604,1.843545526181732,0.5482367219536107,1.016215509434083,3
MT_241,2626.2281703023446,754.1787842820012,2728.395061728395,4357.237654320982,0.0,3108.4301698450095,1822.4943370693964,2628.256397481945,2621.162884194958,7.873684641757849,0.28717184208844193,1.6591237909187901,0.5863069882947374,0.9973010535552035,3
MT_242,201.5734594745528,59.03272474490472,206.97822822822826,344.7100412912909,0.0,237.6553285692769,141.43223445844586,201.36016708549016,202.10613499827957,5.311102583601362,0.2928595955548464,1.710096284941943,0.5951149059385348,1.0037045950375416,3
MT_243,132.0459150869798,45.22126595181983,141.80588703261725,225.73587907716777,0.0,161.98483465194388,82.14375249200191,131.34381138201672,133.79934595432246,4.890694294862787,0.3424661981960609,1.709525522491312,0.5071076412642419,1.018695394625102,3
MT_244,157.49885210033148,50.7404217297173,165.6991720331185,290.67098666053334,0.0,188.90150333264725,105.15694295734924,157.12331382064843,158.4367198352691,5.0657473510219075,0.3221637353633332,1.8455434076429533,0.5566760218176362,1.0083590136886351,3
MT_245,198.68334377487352,46.43581048807712,207.74425287356325,295.362068965517,0.0,225.65636237158995,153.72474208685964,197.70493797418285,201.1268103448276,5.296732830708291,0.23371766987934556,1.4865969561807846,0.6812337735967855,1.0173079247925123,3
MT_246,610.7256223062259,177.73752034922632,646.4315352697092,1032.8866701244788,0.0,715.1950235398333,436.59612390374366,609.5765699596313,613.5952608488934,6.416283852417588,0.2910267900137952,1.691244996913075,0.6104574324891857,1.0065925775716782,3
MT_247,466.74936123672484,167.2670011374614,504.0650406504068,1040.9823848238489,0.0,569.5162653282479,295.45758344795496,466.95698291185204,466.23084773035237,6.147932599544982,0.358365777107019,2.2302812793632794,0.5187869008267837,0.9984449420556452,3
MT_248,167.59079980050294,62.61741092129027,179.3396226415095,331.14436736958936,0.0,207.2767791882421,101.44224718321097,167.42360741338265,168.00834537146224,5.127474475873061,0.3736327248244036,1.975910061916746,0.4894047595994185,1.0034925058191513,3
MT_249,69.56542464454137,24.18838765714791,72.57291666666667,133.6294642857142,0.0,82.37161329804735,48.22008160293506,69.1518690103779,70.59823676215278,4.256540288626385,0.34770698667726807,1.9209175500522768,0.5853967625289974,1.0209156681275113,0
MT_250,93.53157125403928,26.603116057704145,101.48543689320383,147.90129449838176,0.0,110.86404798311014,64.64181556225597,92.89443959626229,95.12274120145631,4.5489338660492775,0.2844292345004619,1.5812979157988356,0.5830727896691639,1.0239873492429161,0
MT_251,78.5244028760487,22.037004565977426,85.44494922501335,122.43519508284324,0.0,92.30985365077775,55.54682666415915,78.11382202086732,79.54978579302511,4.376063928975125,0.28063889634887157,1.5591991152625106,0.6017431341281277,1.018382836112485,0
MT_252,234.33918626004416,80.09185775749891,255.4639570552145,402.5805214723927,0.0,286.3066719070443,147.71983071577898,233.40801656249806,236.66468558282207,5.4610278193092485,0.3417774705884955,1.7179393285349183,0.5159496443877599,1.013952643652775,3
MT_253,336.1252022919016,121.65524108685116,356.19250425894376,643.1835604770013,0.0,413.36824398785694,207.3765740163159,346.68581838336,309.7511636676604,5.820454381509848,0.3619342930491093,1.913523701752074,0.5016751335297456,0.8934635866486652,3
MT_254,252.12855233937518,76.97412646907534,275.239726027397,397.65323630137,0.0,302.54440260329466,168.09546117270722,251.34718490508095,254.07993611408398,5.533897471695663,0.3052971299834926,1.5771844039078473,0.5556059017130786,1.0108723759978107,3
MT_255,617.5729715647191,198.55212410086878,676.4150943396228,1136.1979716981111,0.0,732.8473693792575,425.41940402101403,614.6284457084347,624.9479844446479,6.427415166384539,0.3215039032274461,1.8397792740533652,0.5805020472084601,1.0167898649019085,3
MT_256,147.96555232321145,47.55764549129548,159.662408759124,254.8175182481752,0.0,178.83523880456843,96.51198831913868,147.42172988514494,149.32369221411193,5.003715086754694,0.3214102304927684,1.722140707927427,0.5396698299931195,1.0129014372673175,3
MT_257,157.7437880715648,44.69733667364294,167.9879182156135,248.13894052044617,0.0,185.39617694706698,111.65281265040407,157.2364377187746,159.01084272866328,5.067291506749333,0.283354003263981,1.5730503737958124,0.6022389914754956,1.0112848835981227,3
MT_258,123.93932214003674,37.88282111645832,136.113958990536,202.44869873816995,0.0,149.42196451724186,81.46487811417103,123.22114137689427,125.73290378548894,4.8278281965667675,0.30565616630607,1.633449973003138,0.5452001178365553,1.0203841011103039,3
MT_259,160.03974590657893,36.38661865051156,160.740365111562,245.41457910750444,0.0,179.38654596323758,127.79251801229927,159.05059890288862,162.5100375121493,5.081651203502291,0.22735987345389205,1.53346009382045,0.7123862617580344,1.0217504895650722,3
MT_260,184.65275498734175,69.53956733065233,195.402857142857,322.6164142857144,0.0,227.88812295108752,112.58808487461705,183.40379935587666,187.77189157738096,5.223878020197021,0.3765964042586602,1.7471518192962359,0.49404979283753336,1.0238167475192865,3
MT_261,62.77692294068759,23.988500396532654,66.96590909090908,127.34312500000006,0.0,77.74993491382735,37.81992085519612,62.56608804810355,63.303461122948235,4.1553914155245115,0.3821228478810406,2.0285018562521264,0.4864301948652581,1.0117853453842969,0
MT_262,198.70327920961284,51.962371441890234,207.8832378223495,319.57107808022874,0.0,227.7762528963928,150.24447437902688,197.0356979176315,202.86788977995167,5.296832660966034,0.2615073542495561,1.6082827785659453,0.659614274413518,1.0295996188912024,3
MT_263,191.9874451762931,71.85244538726323,211.54792746113975,371.77943652849734,0.0,240.13862250021913,111.72910870746172,190.50180046545677,195.69768808694948,5.262625135888948,0.3742559393856463,1.9364777567737936,0.46526919698087216,1.027274688932339,3
MT_264,197.13810542203905,67.73992160315174,215.931744312026,338.94241603466946,0.0,240.92388176200768,124.15601515244087,195.3336384053902,201.64457383080534,5.288964289684489,0.34361656272371344,1.7193144781213496,0.5153329304305202,1.0323084398255729,3
MT_265,178.82067726782992,50.609812142408984,192.79361459521076,277.70876567844914,0.0,211.82090904577277,123.81592239411023,178.13459873098046,180.5340869470971,5.191960116914955,0.2830198950449608,1.5530013329079142,0.5845311357909585,1.0134700282736206,3
MT_266,282.0402980019408,74.0860508910303,306.5658844765345,426.50270758122747,0.0,329.0495811431408,203.6852696684951,281.6451393411458,283.02716559491574,5.645589283272498,0.26267894619701126,1.5122048000964905,0.6190108577885739,1.0049069414367793,3
MT_267,70.43086125027301,24.764007209936544,74.32049830124575,132.7859569648925,0.0,86.04791995360974,44.400362688754214,70.27967151513292,70.80844186485466,4.268730006356869,0.3516072820104515,1.8853374182046312,0.5159957097479438,1.0075236588772514,0
MT_268,252.77844473344283,93.15503714669535,257.54420432220047,469.38605108055026,0.0,308.4638239120187,159.9621077944107,252.60591664942402,253.2093156516045,5.536461621545241,0.36852443474634017,1.8569068775086948,0.5185765402891146,1.002388657345391,3
MT_269,806.9792462950751,231.54901610546517,859.6714285714285,1349.4857142857127,0.0,942.1828491473502,581.6220099285147,806.0537444480859,809.2905907514883,6.69453637291285,0.286933046046971,1.672268157773151,0.6173132999414431,1.004015658119003,3
MT_270,68.78785094770794,23.896008528625206,77.12261720762493,113.79057187016993,0.0,84.58037517782444,42.4648866133954,68.59270067620454,69.27521842263438,4.2454599394285335,0.3473869982203806,1.6542246015859214,0.5020654200630075,1.0099501498001975,0
MT_271,153.29041290293077,43.29075027776895,162.47362471740774,249.48604935945747,0.0,178.26273669614372,111.66656740645946,153.08553156036535,153.8020827141814,5.038836624599716,0.28241001269324095,1.6275383982562392,0.6264156110911933,1.004680658581552,3
MT_272,155.483778978521,41.446105239922936,164.89361702127675,240.21962937542912,0.0,179.5220922092111,115.41674139742241,155.47535431769106,155.50481869137496,5.052952355908764,0.2665622282053367,1.5449818334991423,0.6429110397945222,1.0001894472080073,3
MT_273,498.9289587428083,155.31574949279457,530.7807807807808,845.3453453453455,0.0,585.5622956766632,354.5285953149334,495.7734689851478,506.80946571571576,6.214466005813132,0.31129831944646597,1.6943200301145687,0.6054498246864572,1.0222601393546882,3
MT_274,330.1154049989021,85.83879141933089,352.549889135255,501.66297117516626,0.0,382.04593398198585,243.55764878682794,328.6595192238774,333.75132806725793,5.802466970196635,0.26002660742036654,1.5196593324090448,0.6375087934405924,1.0154926250135048,3
MT_275,131.8570689520739,34.78764751668137,140.47676837725373,212.29100208044397,0.0,153.26153024153373,96.18013327619502,131.6327974738191,132.4171636074029,4.889273880817121,0.2638284405596884,1.610008380040069,0.6275555702012336,1.0059586675133385,3
MT_276,1986.0758435931077,692.8824183203184,2150.742574257425,3387.4752475247524,0.0,2454.0684895151408,1206.0261474315619,1984.9619330728167,1988.8577190851893,7.5944194117242745,0.3488700681128521,1.7056122209009812,0.4914394800592733,1.0019626451912431,3
MT_277,92.558423274763,29.345552622498666,96.21500559910407,159.67875139977588,0.0,110.59085527016177,62.50198281221788,92.13476089081222,93.61647594718175,4.5385860890169285,0.317048934216349,1.7251669648055064,0.5651640635917999,1.0160819313061025,0
MT_278,91.31023046489113,28.098093064427182,100.2446651949964,143.78771155261225,0.0,110.14705088237982,59.91303614709925,91.27635866708715,91.3948217515943,4.5251549746395145,0.30772115943809086,1.574716163494266,0.5439367666022172,1.0012977409841881,0
MT_279,12094.993317200297,3000.861414782467,12863.125,17611.666666666675,0.0,13844.057282979906,9179.655166137145,12055.509671532847,12193.599609374996,9.400629545939028,0.24810773628405922,1.456112144110075,0.6630754967181476,1.0114545076475432,3
MT_280,291.7483878981472,101.29041130435219,322.6574074074075,482.3657407407405,0.0,354.58466975545497,187.01232027908856,290.6040092928267,294.61228251941446,5.679313495709965,0.34718412177781305,1.653362089443727,0.5274122965720477,1.0137928691982367,3
MT_281,123.93322833410414,31.579820285101455,129.537037037037,201.58697632058272,0.0,141.6320074014182,94.43292025407352,123.76634573683752,124.35000023717363,4.827779421253735,0.25481316158274925,1.626577171953956,0.666748394795709,1.004715695932561,0
MT_282,113.52569706015318,29.556905972710823,123.18681318681325,167.27375515109873,0.0,131.8827238365414,82.92822232603824,113.70279816644513,113.08340549522092,4.740799226286946,0.2603542998155447,1.4734438523467324,0.6288027243112919,0.9945524417451722,0
MT_283,269.9746067554846,58.9821998507238,287.5919618528608,380.8301941416893,0.0,304.77226480215853,211.97390349023814,269.537443935696,271.06637536011294,5.602025114480112,0.21847313113937614,1.4106148152683788,0.6955157047268817,1.0056723895031736,3
MT_284,74.40660935921336,26.28014296804503,75.79448621553887,137.81045739348386,0.0,88.70833117132837,50.56851307428619,74.10171925094278,75.16804064523288,4.322894928456232,0.35319630423164633,1.8521263105393262,0.5700536432827644,1.014389831452908,0
MT_285,101.99269240070024,33.68839469999589,110.035931453842,168.62814400221103,0.0,122.06744747821267,68.53210977150256,101.59148835390884,102.99465771547356,4.634658038146721,0.3303020108992092,1.6533353860918318,0.5614281741203185,1.0138117793742603,0
MT_286,120.5694212080167,42.47792770109967,132.5473865594485,196.51636990235477,0.0,148.14884157976684,74.60006961936094,120.52472635972639,120.68104193590848,4.800485467579292,0.3523109238842896,1.6299021064743011,0.5035480790021143,1.001296875487166,3
MT_287,159.11071159695064,48.07814115277271,172.72637795275602,256.31091289370056,0.0,187.94169479125043,111.0552562885805,158.7479458425361,160.01668128050161,5.075865523429486,0.3021678279768051,1.6108965525464172,0.5909026759756765,1.007992074173377,3
MT_288,94.51169106097579,42.29425341996484,96.6879562043796,190.258515815085,0.0,114.06651272169265,61.91773295532507,94.35473945132425,94.90366135695459,4.559248659480688,0.4475028271121477,2.0130683680355785,0.5428212544568946,1.0058175333920367,0
MT_289,104.16832802820804,28.251432512448336,115.05600229753026,138.85769672601953,0.0,118.21426577044754,80.75068786251602,103.97463054855375,104.65248765725713,4.6555621906039875,0.2712094005454714,1.3330125002898467,0.6830874472328572,1.0065193503447298,0
MT_290,581.96957232365,199.37544087403364,584.3815331010455,1258.7543554006986,0.0,689.110691725216,403.38685662532896,578.5521331689879,590.5042706291738,6.368134993433834,0.3425873910419518,2.1629212138112557,0.5853730839115311,1.0206586866910885,3
MT_291,89.6522508012561,30.904525197487747,88.45108695652169,175.1358695652175,0.0,105.63723052698097,63.0085018303001,88.67657659699869,92.08889549365942,4.507030766470726,0.34471551438058934,1.953501986452568,0.5964610729698775,1.0384803816611523,0
MT_292,266.2269255087411,61.16369368596641,278.560948081264,400.9184255079005,0.0,302.4960672879317,205.77355456066212,264.1312976859361,271.4605377016319,5.588098205705164,0.22974269515249035,1.5059273575822576,0.6802519768373593,1.02774843345875,3
MT_293,97.54322292894585,34.1588743459161,105.42885829030425,162.0618187033847,0.0,119.5272286600365,60.900303130142255,96.97475865027218,98.96290324990436,4.590495263389829,0.3501921488577142,1.661435794540833,0.5095098306701203,1.0205015657918417,0
MT_294,644.7289336851744,193.03622011648898,666.0810810810813,1221.4569256756738,0.0,762.5282350568939,448.3811704377134,639.3510078770116,658.1597431904561,6.470379808424333,0.2994067848313475,1.8945278285383131,0.5880190974489853,1.0294184646423175,3
MT_295,268.42002428365726,77.8080391208493,283.3207831325305,438.44503012048085,0.0,318.6127441090307,184.75884671928375,264.86922739393435,277.28776964106413,5.596271590403508,0.2898741866586024,1.6334288582093948,0.5798852818555358,1.04688552120781,3
MT_296,98.60296560505506,32.34891790862827,98.9623908663533,209.263440228341,0.0,116.66379308039748,68.49919558360462,98.4028505137781,99.10273220019724,4.601191939298436,0.32807243098016453,2.1222832165484133,0.5871503737658819,1.0071123103816797,0
MT_297,150.92544668202945,47.49974000824747,162.83620689655152,258.27586206896547,0.0,181.2745946406711,100.33951579147381,149.6250943165474,154.17294126144935,5.02338991816539,0.3147231822416822,1.7112809710631018,0.5535221880106722,1.0303948790256514,3
MT_298,971.0620705969953,265.7069299534168,1035.235294117646,1609.9926470588214,0.0,1129.1924163372996,707.4905610370041,958.7134461142122,1001.901473927696,6.879419661060447,0.2736250701809548,1.657970874600541,0.6265456130730995,1.0450478894794388,3
MT_299,497.3994898099887,138.50028630952352,498.1228956228957,866.0521885521889,0.0,572.7595609016862,371.7893951428503,493.6173855341739,506.84490126964096,6.211401943816998,0.27844878485489416,1.7411601517151285,0.6491194805484407,1.0267970818191139,3
MT_300,132.2200298546103,36.045848655685575,139.8730734360835,213.6530938349954,0.0,155.40092651822926,93.58213339027003,131.99049488030087,132.79326954305495,4.892002121085071,0.2726201617797252,1.615890405644479,0.6021980014212618,1.0060819879693776,3
MT_301,116.78148250945392,34.75205509117688,127.52913328477774,190.52757647487243,0.0,138.66136615200986,80.31211330857737,115.41882517257065,120.18457726484732,4.768831064544135,0.2975818714456279,1.6314877672885408,0.5791959919720822,1.0412908524432003,3
MT_302,127.63333039839182,38.146786665635844,130.132850241546,228.29457528180365,0.0,149.00107459674243,92.01759473497735,127.00812498383813,129.19471579567562,4.856965957059126,0.29887791502255856,1.78867507948323,0.6175632545495519,1.0172160689716114,0
MT_303,153.16801603687665,45.47350790890788,163.85395537525375,256.4122718052739,0.0,183.16757659411894,103.16477709376868,152.0810444238103,155.88261441430018,5.038043020917698,0.29688642653108094,1.674058734317959,0.5632261636026875,1.0249969334108897,3
MT_304,69.81910785190061,22.548064067693318,75.36446469248293,119.23974943052374,0.0,84.00670040103492,46.17124211372876,69.7111168382023,70.08880415954822,4.260128849201142,0.3229497129356743,1.7078380979183025,0.5496137379182503,1.0054177480479192,0
MT_305,73.0815137088442,21.422117951994245,76.49970708845927,124.15552870533111,0.0,84.72419411139981,53.67043046012378,72.22299080941134,75.26475921623343,4.305166023563886,0.2931263179095673,1.698863439136341,0.633472229370902,1.0421162008325984,0
MT_306,81.68649118900706,28.751758320806506,89.071574121243,153.0068772287317,0.0,99.8098728065592,51.478455982944205,80.85032756676301,83.77472273518424,4.415056241516633,0.35197686156590785,1.8730986760554578,0.5157651179965237,1.0361703519914978,0
MT_307,784.610984974321,268.44336565483445,872.2307692307693,1295.8333333333312,0.0,963.6435891326532,486.1996110058858,781.2078008609398,793.1100827991456,6.666461739852783,0.3421356154505841,1.6515615274748243,0.5045429777601382,1.0152357308423337,3
MT_308,113.12219337076651,40.10454261175034,125.18145161290325,222.15053763440858,0.0,137.6011917284445,72.31823075771271,112.78087631944264,113.97542416627707,4.737269746023609,0.354524058201949,1.9638102071464567,0.5255639474750554,1.0105916692607912,0
MT_309,223.66243562422835,53.70104545965204,234.767255216693,345.85874799357924,0.0,256.3608870281493,169.16068799029014,221.25618831146008,229.67178763710538,5.414598989533754,0.24009862411088134,1.5463425119416379,0.6598537060498573,1.0380354963606433,3
MT_310,606.6128922932061,177.17515357680483,622.634529147982,1097.230941704035,0.0,709.861814065353,434.51768789380134,599.6465479268857,624.0106116872197,6.409537988885592,0.29207284069795025,1.808782730397134,0.6121158698256716,1.0406306905930822,3
MT_311,130.44708369458579,36.66331908824489,141.977863330125,200.38437199230023,0.0,153.82732579334478,91.47691844895769,129.15143315040834,133.68283596507058,4.878604365266687,0.2810589185994766,1.536135197166276,0.5946727087040622,1.035085886027499,3
MT_312,385.6941554162013,151.0146423149806,416.3216145833335,837.6860677083326,0.0,481.8619738243091,225.4017273547127,385.1166464850539,387.1364238145617,5.957634084499037,0.39153986722101747,2.171891988058436,0.46777238072571437,1.0052445597859676,3
MT_313,239.45395954298738,78.19610992200222,255.75293350717078,381.4243807040417,0.0,289.96831706635925,155.25667657015512,238.63214996064184,241.50634336973056,5.482528634807832,0.3265600903223459,1.5928922850266947,0.5354263279058911,1.012044409309972,3
MT_314,1127.6978841600649,318.3803446027534,1154.494382022475,1866.5730337078626,0.0,1315.4919377939837,814.682934556586,1128.219938840787,1126.3941069756556,7.0288199323785046,0.28232769277262004,1.655206632356203,0.6192990659675036,0.9983816614242573,3
MT_315,89.21544530702462,23.877304614244917,92.6754624591948,143.28346028291625,0.0,103.12348841392227,66.0335323127238,88.98211302408542,89.79816837821907,4.5022006464121995,0.2676364149246781,1.606038547803437,0.6403344856249455,1.009170891032941,0
MT_316,346.6210006810056,113.44177440595124,346.46797153024875,682.6512455516012,0.0,403.40911678991165,251.9666228775591,346.1862172933697,347.7068269016902,5.8511128077946895,0.32727899033896535,1.969445661157117,0.6245932631285729,1.0043924324205766,3
MT_317,539.4715624216875,198.63039385339872,582.4471299093655,1000.5064954682761,0.0,664.9096555013039,330.3914684363219,537.5882667557153,544.1748971708207,6.292442022229238,0.3681943665015508,1.8546046661495121,0.4968967749735231,1.012252165272009,3
MT_318,175.68274107810402,60.25305206214305,185.33231083844575,345.20705521472394,0.0,213.75377314500133,112.22598111592444,175.53340999379466,176.05567990584527,5.174355700973521,0.34296509869290526,1.9649456369296823,0.5250245374127258,1.0029752733813826,3
MT_319,97.19775053778005,29.444938912344195,104.60868281157713,158.67542823390426,0.0,116.023136164118,65.81961571897928,97.09074228852533,97.46499249360109,4.586983308150802,0.3029384499131455,1.6325008658221944,0.5672972841632443,1.0038545401725143,0
MT_320,105.22281212048767,28.53244319130288,110.46265328874026,164.89548494983302,0.0,120.90882754815844,79.07737655657415,104.48860528025874,107.05641722408029,4.665538889135315,0.27116211688972935,1.567107606760593,0.6540247856164967,1.024574944714639,0
MT_321,113.40639142325854,34.87276661623373,122.070282658518,183.8593296409473,0.0,136.8927657583275,74.25932506730759,113.56252062045787,113.01647501671124,4.739756946469506,0.30750262929233263,1.6212429574829939,0.5424634328286694,0.9951915865139389,0
MT_322,96.52612136530688,35.73926981825261,105.70944036178625,179.7625777275296,0.0,117.83828878742185,60.996597071020986,96.22747148037146,97.27264407973385,4.5801202535609855,0.3702548658352002,1.8623203394240586,0.5176296475652431,1.0108613733133562,0
MT_323,1801.0402160071194,625.7444129004455,1880.396341463415,3262.1568597560986,0.0,2192.451137107226,1148.636865785854,1796.667281613215,1811.9611641418958,7.4966747553482875,0.3474350010980665,1.811262631811536,0.5239053409702623,1.0085123565170202,3
MT_324,338.04593969841017,95.13206431235824,353.9788732394365,562.8773987676054,0.0,392.1619663871662,247.84539799360104,336.75786889493895,341.2627623560373,5.82613561353362,0.28141755402551316,1.665091385563945,0.6319975237704151,1.0133772177087021,3
MT_325,316.70601375323025,95.82745456889697,308.27886710239625,543.0283224400871,0.0,360.92009646894786,243.01002282476838,318.0085578432508,313.4530455700799,5.761126470127575,0.30257540868109106,1.7146131797707826,0.673306968686922,0.9856748442217559,3
MT_326,256.17611592760466,87.40953181684127,269.76932668329175,462.0573566084789,0.0,308.2781622605387,169.3324747602796,255.76113067175646,257.2124983764547,5.549761126183745,0.34120873481217057,1.8036706384538594,0.5492846720823611,1.0056746607435603,3
MT_327,572.4413304187726,190.85758965910324,605.7475884244373,982.7733118971055,0.0,685.4759298289163,384.03536785945056,570.8878276205452,576.3210418341373,6.351655630410039,0.33340986435305375,1.7168105140312757,0.5602463128834246,1.0095171132673586,3
MT_328,1260.688949560133,460.22325455084285,1351.8518518518526,2253.7037037037044,0.0,1524.1681447947826,821.5220780748978,1257.9614567643764,1267.5005787037035,7.140206538521824,0.36505694054100335,1.787676243702526,0.5389970099365509,1.0075829921594204,3
MT_329,214.58902424335332,55.2083638764446,231.68382352941174,310.966911764706,0.0,248.8511848449172,157.48088760921365,214.0059386309268,216.04521982230392,5.373373929776805,0.25727486062421956,1.4491276912689584,0.6328315510293407,1.009529039750638,3
MT_330,100.01356682799702,39.031844654909435,106.459375,206.4421875,0.0,124.61988101620204,58.99978579229547,99.90282058133472,100.29014404296875,4.615254832850134,0.39026546087873903,2.064141630041274,0.4734379504843637,1.0038769017792613,0
MT_331,224.2527612310747,79.41264622491774,229.45601851851848,415.2199074074075,0.0,269.34461564256657,149.09370127673344,223.70559852083576,225.61924310378086,5.417223154930847,0.35412113655928606,1.8515709087026457,0.553542514245627,1.0085542539393546,3
MT_332,46.87161552606692,56.49683321220233,24.883585564610023,215.95896391152536,0.0,63.536231032668056,19.08026424879021,58.60182275515975,17.473212393797358,3.868522751029381,1.2053525470496538,4.6074562485873924,0.30030521067464194,0.298168360481164,0
MT_333,84.68118647579719,32.644319194645895,93.55670103092785,151.1011597938143,0.0,103.08336727385725,54.00758903593568,83.89277950874704,86.6561013854913,4.45063327380035,0.3854966693104767,1.7843531513752366,0.5239214164710184,1.0329386100155382,0
MT_334,81.14599124618418,48.757154344767336,88.780236747298,186.77753474009185,0.0,106.0368534337583,39.656762602522235,81.20964154466577,80.98655084454988,4.408498045315553,0.6008571413993132,2.3017466279507506,0.3739903399471637,0.997252780970336,0
MT_335,74.01791729811379,49.542217017532884,66.4443304258594,244.0995382247305,0.0,98.62005809654904,33.00994268406427,73.26459623124376,75.90494401011094,4.317726982313077,0.6693272674064108,3.2978434702933237,0.3347183116092309,1.0360383808046894,0
MT_336,163.7466664736372,70.20908420946893,157.72637795275602,326.0556102362196,0.0,196.26851516928372,109.53776015773418,164.09105357416382,162.88399624371635,5.1044089393304874,0.4287664685565231,1.9912197136331724,0.5581015094664653,0.9926439179309609,3
MT_337,130.33240158713565,51.399576721519736,139.91379310344826,216.17052801724122,0.0,159.36444222085382,81.9269271765405,136.68024228492965,114.4660253714606,4.877731526090463,0.3943729429663457,1.6586091317179168,0.5140853310436055,0.8374730325551324,0
MT_338,243.9393503266161,98.8619027207746,257.57575757575773,443.7229437229439,0.0,300.7897432462229,149.1785126927524,243.2573347149045,245.64776090199817,5.501010630211964,0.4052724520897574,1.8189887155924034,0.4959560991781415,1.0098266968666259,3
MT_339,3287.81189583405,1845.3558668293238,3393.4959349593473,8251.107723577232,0.0,4113.825826374801,1910.9740599730017,3235.92108583688,3417.7954431927797,8.098281652651455,0.5612717271188282,2.5096045515669774,0.4645247844660815,1.0562048152502503,3
MT_340,134.263755600971,83.63600443384244,142.12454212454224,337.9285714285706,0.0,175.48424070019814,65.55556388801956,133.37009039264467,136.50233645826867,4.907226617552926,0.6229231249360817,2.5169007432197827,0.3735695005474673,1.0234852943531019,0
MT_341,1048.483713104175,526.660783260157,1226.70025188917,1944.9275818639787,0.0,1329.188910583405,580.5914387459953,1047.1959817747852,1051.7094073311132,6.956053620421048,0.502307066533096,1.8549907251833753,0.4368012926944676,1.0043100007942913,3
MT_342,274.30646949648013,159.52075731585882,278.2984859408795,625.9093366979089,0.0,346.18234502985956,154.50046954777358,269.52096768718513,286.29388116143036,5.61788491167804,0.5815420678675794,2.2817883771715297,0.44629793316429234,1.0622322745271147,3
MT_343,153.31562766929267,127.81102789008463,126.99386503067475,520.5521472392641,0.0,212.46650686475775,54.720234190338985,152.91673945492693,154.3148201102215,5.039000035311776,0.8336463901078219,3.3952971474580678,0.2575475656014557,1.0091426914335937,0
MT_344,174.31435026496186,118.71504743417567,154.11355735805324,517.7628910776356,0.0,230.06764152645513,81.38221190217199,172.3932346496852,179.1266363436246,5.1665806497573605,0.6810399742954398,2.9702824844185183,0.35373165832839376,1.039058326836542,3
MT_345,2100.617267781584,860.3109880375632,2358.695652173915,3965.6340579710136,0.0,2541.7277325365903,1365.3541502802245,2082.82028495197,2145.19770429051,7.650462454830525,0.4095515147557573,1.8878422547104976,0.5371756098934617,1.029948531560654,3
MT_346,288.8678923833528,131.04496642158608,329.868154158215,635.7162778904593,0.0,348.8060849965277,188.96016885510528,285.1037282742151,298.2969108121039,5.669425275683374,0.45365014714469054,2.200716218885436,0.5417341370052217,1.0462749896502568,3
MT_347,2.4333974207367217,3.18401815420487,0.0,16.568483063328422,0.6014910336490026,2.2877064443197375,2.6762418102291914,2.4077058212192015,2.497753426025312,1.2335502726272651,1.3084607727714164,6.8087583370286024,1.1698310849992528,1.0373954450988812,1
MT_348,17.676687446411695,21.23323809693447,10.172939979654124,91.556459816887,0.46721740882530727,12.653536949547862,26.049504663645227,11.074078333645476,34.21585024512763,2.9272760855130526,1.2011993847439382,5.179500305102106,2.0586721468304217,3.0897216289283587,1
MT_349,193.42562431814338,120.36658327051279,175.427565392354,494.2838279678066,0.0,246.48312075872383,104.98696018129193,187.25214076962482,208.88985182280123,5.270049695675985,0.6222886831666571,2.5554204834857437,0.42593973818054526,1.1155538185502454,3
MT_350,650.532347330444,492.1842007924838,497.51243781094524,1716.41791044776,0.0,926.5319116859285,190.4836376954562,654.7443218079324,639.9815892289961,6.47932704587793,0.7565868096280939,2.638481992642665,0.2055877765645137,0.9774526607383187,3
MT_351,1647.1872191998568,954.6016966874614,1718.8888888888875,4183.533333333325,0.0,2115.1865291209974,867.1045435548391,1639.959501300003,1665.2922441933456,7.407431307900393,0.5795344207174141,2.539804376315819,0.40994235142739677,1.0154471697129042,3
MT_352,104.56018849312368,96.49990389979115,71.26781695423858,461.8426481620401,0.0,128.16591539083998,65.21308218645204,105.24742383439106,102.8387027901043,4.659281297282673,0.922912401568723,4.417002404527884,0.5088176283016392,0.9771136363469257,0
MT_353,524.5068704371296,186.03408110887096,553.2392559332907,849.1019884541375,0.0,578.8502592422112,433.92482203661183,523.8213069505747,526.2241682385493,6.264363264326935,0.3546837764145786,1.618857673986063,0.7496322366830281,1.00458715827367,3
MT_354,121.64912133353954,96.23243921606458,104.709418837675,355.961923847695,0.0,163.32258327099075,52.18588708852417,121.2175549294247,122.73017079356451,4.809327606663667,0.7910655683369652,2.9261361749613557,0.31952644176997275,1.012478437964172,0
MT_355,663.8455120402393,389.5991516372976,781.9634703196348,1407.5684931506826,0.0,832.8422226245748,382.15405785828966,655.5920856650356,684.5198788148493,6.499554700945629,0.5868822470021601,2.1203253564544826,0.4588552824152417,1.0441246673672435,3
MT_356,113.88259418143878,112.17884819044669,65.16472868217055,527.0215600775189,0.0,157.15362525552405,41.75645855983071,113.16626890723245,115.67694852297114,4.743910686707894,0.9850393657289602,4.627761754006463,0.26570469395720164,1.0221856690878455,0
MT_357,1883.1647372373748,1070.5711226059277,2034.0909090909074,4179.924242424242,0.0,2441.300944649591,952.8377542214189,1873.356485634467,1907.7338533641496,7.541239891460868,0.568495732609942,2.219627490667633,0.3902991773327607,1.018350675810927,3
MT_358,817.4458539042181,530.0934214362811,794.8564593301435,2358.579545454543,0.0,1019.4117875024293,480.7997894111225,789.3813854869379,887.7457617263176,6.707407241787585,0.6484752628198426,2.8853036630336453,0.4716443252757007,1.1246094306272605,3
MT_359,111.20409068416826,80.0577732543642,82.26495726495726,383.0288461538455,0.0,141.13325620728102,61.31678737804478,118.32391694518142,93.36932815040161,4.720319451284667,0.7199174559375017,3.4443769950686356,0.43446020223176457,0.7890993018990902,0
MT_360,519.4885258920397,305.16675318119474,488.48684210526324,1231.3596491228088,0.0,648.3180724164941,304.74953969168627,514.0660812170156,533.0714434501685,6.254767843416345,0.587436934786593,2.3703307465840027,0.47006176128203114,1.0369706396859577,3
MT_361,292.3439760077536,185.10063873043228,318.8793718772305,678.541220556745,0.0,397.20035501260725,117.56456296473579,289.98396489518643,298.25567051077314,5.681345899990587,0.6331604123558848,2.3210370420917386,0.29598301844713626,1.0285246645735389,3
MT_362,51040.832918597625,36979.80615336716,43750.0,152840.87499999988,0.0,65161.06827047066,27504.578183772166,50822.08198477587,51588.7916490113,10.840400828788402,0.7245141591850428,2.9944823826408364,0.4221014005692035,1.0150861520060166,3
MT_363,2532.9575395904376,1659.7993764966434,2344.93670886076,6515.437763713076,0.0,3331.070916204871,1202.6256243524078,2499.321127142566,2617.2148524100694,7.837537604462258,0.6552811659891504,2.5722648864630906,0.3610327282110962,1.0471702949714934,3
MT_364,3975.62272864653,2454.0080000654684,3482.9545454545478,9119.829545454526,0.0,5241.690379374011,1865.2832055102342,3974.3966988748493,3978.69386395737,8.288188177405527,0.6172638002621236,2.293937364026472,0.3558552808253514,1.0010812094003916,3
MT_365,87.31265208698213,60.69703227897512,89.3089960886571,259.63005215123803,0.0,114.74622714705657,41.58511321736852,87.55198215507238,86.71314378788884,4.48088338258885,0.695168728431483,2.9735670170334614,0.3624093848417342,0.9904188545967318,0
MT_366,12.46988982366528,9.317530525703685,8.923346986541825,42.276184903452325,0.0,12.314437654937885,12.729004615386065,13.659496491402008,9.489992330401034,2.6004568110024278,0.7472017143249978,3.390258582769118,1.0336642756593268,0.6947536747666924,0
MT_367,565.8081506395793,136.74988998077586,579.8946444249343,864.0353380158031,0.0,558.4194593366085,578.123959571237,589.1027930341163,507.4563875227551,6.340020887811191,0.24168949741940143,1.527081788709292,1.0352861805804106,0.8614054879880909,3
MT_368,126.38237481570631,66.54963022014088,125.62604340567574,292.153589315526,0.0,136.31374663769074,109.82830958636958,152.86314988847587,60.04952934740574,4.847193388321844,0.5265736227179529,2.3116638425643816,0.8057023171790577,0.392831924913864,0
MT_369,837.9864247262587,138.20513952954494,821.2976539589445,1270.8944281524928,0.0,869.5425040911075,785.387306945624,867.804698241544,763.2933342186903,6.7321945260338705,0.16492527062767048,1.5166050135019788,0.9032189849469902,0.8795680951828115,3
MT_370,17543.35021503944,4012.57815537844,17891.8918918919,25448.64864864866,0.0,17537.749500998005,17552.686291348742,18135.64264290443,16053.397048364155,9.772487251996035,0.2287235963431505,1.450615094734076,1.0008516931058555,0.8851849011147779,3
