client_id,Naive_24h_MAE,Naive_168h_MAE,Naive_Blend_MAE,LightGBM_MAE,XGBoost_MAE,LGB_XGB_Blend_MAE,Routed_Best_MAE,Chicken_Dinner_MAE
MT_001,0.37013536379018636,0.7270516074450096,0.3503066835871409,1.0554346750230994,1.4906845864305651,1.2402786570356055,0.3503066835871409,1.4077950374679407
MT_002,1.3854314841156992,0.7186462778568093,1.0505571360834545,1.9106432817260373,1.9665752693961238,1.8549590549727792,1.0505571360834545,1.677073501554182
MT_003,0.07240081088908196,0.0,0.05068056762235753,1.2395432468607044,1.4648065401649515,1.22549721685559,0.0,1.3316849034824285
MT_004,23.860941734417352,8.341802168021678,17.930640243902427,15.415797727536846,15.520308520412698,15.224519075557799,15.520308520412698,14.330085500304731
MT_005,6.770833333333351,5.6910569105691,5.666920731707324,6.7168435910043796,6.03669607736231,6.360376378611899,5.666920731707324,5.629905828160207
MT_006,21.174355158730084,14.94295634920634,14.10900297619042,19.770116504083564,16.29921362135146,18.12591107131936,18.12591107131936,11.329743786766363
MT_007,1.271905031091013,2.2376107028453007,1.454446956849446,2.0973731631538546,2.229356126780113,2.0910303653538143,1.271905031091013,1.2825616320913138
MT_008,40.54433221099879,19.360269360269335,30.667789001122305,32.83766159759342,32.910052116471086,32.71368538174591,32.71368538174591,21.637696112667452
MT_009,6.410256410256404,5.863927738927735,4.760343822843819,7.407808342823781,5.901202381907645,6.538085118621606,5.901202381907645,4.967840068464615
MT_010,16.09543010752689,5.443548387096775,11.57818100358424,7.307673646539757,8.445750737275704,7.7319026695396715,8.445750737275704,8.567125780960106
MT_011,3.586065573770492,3.6869721808246503,2.6057190760059625,4.5432631907298,3.6312501102434234,4.094382390432656,3.6312501102434234,2.658120519274053
MT_012,16.66666666666663,20.74468085106391,9.867021276595695,14.400116285187075,10.179797287528386,12.25212027503482,12.25212027503482,8.887220045272523
MT_013,24.841072415699276,3.342661691542291,17.12876589275842,13.584888758164048,15.094214141533612,14.26408463231762,3.342661691542291,21.94690334510453
MT_014,6.747234630929587,3.044564986173155,4.7868804509678755,4.073566994877104,4.0548835770420935,3.6997873806625505,3.6997873806625505,10.313757861667463
MT_015,6.910000215220383,4.788653581267213,4.791497180612944,4.334561410649918,4.243052536462618,3.8690710114268696,3.8690710114268696,12.315673726278524
MT_016,15.124157649962035,11.485264806378128,13.537757450645406,15.992871259327098,16.577082668006096,16.255766965437235,13.537757450645406,11.40730040878853
MT_017,5.053908355795142,4.258385744234795,4.704814315663369,7.6726888485247144,6.748007668674834,7.191988420836643,6.748007668674834,4.311626017391942
MT_018,33.28008519701817,25.592385516506912,20.896565495207668,17.734117955589664,23.997726245429217,20.1080625305279,23.997726245429217,19.706310472032342
MT_019,1.3325481574539355,1.4125575795644876,1.1440300460636499,1.8579473943323197,1.6087372560596924,1.4882594352173655,1.1440300460636499,2.109678541986192
MT_020,6.76395007342144,5.8828928046989715,5.4203377386196765,3.5513552175519494,3.8763850088861758,3.494452331462803,3.8763850088861758,5.458116754000367
MT_021,26.832460732984327,11.316535776614364,20.94513525305418,20.436628018238647,22.246173895258355,21.10866893516598,22.246173895258355,16.817980741694317
MT_022,11.006901203819012,3.1652137816521417,7.494681403071813,3.524680691902489,5.8680144883429435,4.563759281323783,5.8680144883429435,13.638707295912582
MT_023,1.6009784520668406,0.0,1.1206849164467885,2.781153226259214,1.429754912329013,1.8865444836990086,1.1206849164467885,1.9438360803515706
MT_024,5.079732510288069,2.8149291266575265,3.9201817558299017,3.5031718837495434,3.754270631099429,3.341069495801747,3.754270631099429,3.9506330296597696
MT_025,24.72741433021808,28.183411214953267,16.077686915887835,18.898400157880385,15.524679391926298,17.362849423850818,15.524679391926298,15.479447944472497
MT_026,6.841454802259887,4.228460451977408,5.2454096045197725,4.751997619395083,5.666825119384939,5.0189222409220395,4.228460451977408,4.109320769357941
MT_027,1.8904790905399877,1.6494112870483129,1.4705136012992213,3.2551648973999683,3.5213333604009533,3.369503396235949,1.4705136012992213,2.1179511637093973
MT_028,8.912816811036238,8.652149502727033,7.3588386268848085,8.68820194002363,8.570021186304816,8.56032455145535,8.570021186304816,7.109367756631062
MT_029,34.38269672302231,6.666144854936282,23.672615320392385,17.058915682189358,16.931842998233115,16.95101476110162,16.931842998233115,14.207934818712332
MT_030,6.783232304677945,3.7906410727406303,4.682440913543972,4.547360190837745,5.365044909833903,4.904390824704862,4.682440913543972,4.068447480913967
MT_031,19.78824013157894,11.30756578947363,13.772957785087703,15.655387947550489,14.869578913638458,15.272300472937054,14.869578913638458,9.329543071812843
MT_032,2.449244570349386,4.809962228517467,2.4590808939250834,3.0061145410472867,3.5172948055309354,3.2143882003311526,2.4590808939250834,4.55897990147751
MT_033,3.956246521981076,5.364844184752354,3.6762659988870308,7.074880032098623,4.9303173490809735,6.0344813222051075,4.9303173490809735,8.076819321561596
MT_034,0.77106610800745,1.1856959962756095,0.7426966945996303,1.900063773861404,2.4115997357519428,2.1230409635663796,0.7426966945996303,1.4695601923166572
MT_035,17.434364744491265,15.207454289732759,12.353492733239511,15.051332817162416,13.615055036835344,14.163827512971835,13.615055036835344,9.674765228675264
MT_036,15.490533562822733,4.894578313253017,12.046399885255317,11.230987226604093,14.867526152047787,12.867429468872393,14.867526152047787,20.425987892187447
MT_037,17.287234042553226,12.330754352030974,13.382495164410065,16.263358703689025,14.533006473789705,15.239571054607206,14.533006473789705,11.308621289578156
MT_038,21.36309718586392,9.588855257417114,16.486474694589916,13.589979027782233,14.997240302866473,13.815253664295499,13.589979027782233,13.710576545948586
MT_039,10.383664117504248,4.301711580480705,6.7731473051711575,5.403623217731073,6.89677868464758,6.075543444077581,6.89677868464758,4.403644669800227
MT_040,2.86172161172161,2.77586996336996,2.7329441391941356,4.687030357524104,3.4612678887643202,4.132851887124114,2.86172161172161,18.97101086604736
MT_041,11.168560606060604,9.289299242424265,7.723626893939367,10.31140921871273,8.890899744900826,9.617710723603047,8.890899744900826,5.748008286883113
MT_042,3.832724481152044,5.35108269800931,3.3299515565438305,4.468898486087358,3.7730067118604644,4.129905692784097,3.7730067118604644,4.499074145200947
MT_043,155.91145833333306,99.66856060606126,118.86813446969705,138.65865066306372,127.3353357026072,131.81570892086907,127.3353357026072,105.03056898673788
MT_044,5.550647820965845,2.8931095406360385,4.154151943462899,6.453455240859923,6.558191665069792,6.500587259589953,4.154151943462899,3.0705620645921297
MT_045,43.942822899041154,64.46145304568527,42.378498660462476,49.73006076976236,35.69494731373795,43.41425966686766,35.69494731373795,46.37790144463497
MT_046,17.278830963665115,20.833333333333368,14.316745655608242,14.981719355213615,16.117939436793524,15.461657785831092,16.117939436793524,15.216361859531103
MT_047,2.8303760593220324,1.8207097457627082,1.9260902189265536,2.7434555461892303,2.0672273979348685,2.2852939656757383,2.0672273979348685,1.8575320062843286
MT_048,2.8671725100296435,2.185810221524506,2.29646345717774,1.9760016907113576,1.9373754877372822,1.9027209074057885,2.29646345717774,3.0203955439132844
MT_049,161.89481431159376,73.59601449275378,108.77473958333299,119.1046544516909,104.80322696851594,112.42736920693216,104.80322696851594,66.6413602739002
MT_050,22.90925266903911,17.830664294187375,19.220788849347503,20.50410538880163,19.729755270382054,20.15564780372367,19.729755270382054,19.780619685907894
MT_051,8.140911782119582,6.845766725873292,5.291592658377728,7.746827317161852,6.147908913729239,6.953171774341489,6.147908913729239,4.186157525051229
MT_052,4.468878600823041,2.6122042181069975,3.0309606481481466,3.7245410059434634,3.4067070807939626,3.488648381302923,3.0309606481481466,2.6457116780283028
MT_053,10.93076772424603,9.547591069330224,6.8314238151195115,7.7821691656862235,8.280493882698872,7.963160332828032,8.280493882698872,6.217008101164802
MT_054,5.258293365307737,4.7649380495603495,3.842550959232599,5.875625809412738,5.197495949163516,5.306068259646843,5.197495949163516,3.336651329112548
MT_055,4.505881667831358,3.9599347775448464,4.117895411134406,6.482736134992223,5.493798779908137,6.010119689008023,4.117895411134406,3.0589833389261734
MT_056,4.951229855810008,3.7743850720950047,3.5973282442748094,3.7001757420936148,3.798517326261155,3.6827602266505757,3.5973282442748094,3.717428775120028
MT_057,2.4843838727995453,0.0,1.7390687109596825,3.220466229336934,1.551995246400893,2.3297013468159165,1.551995246400893,4.3056028191202
MT_058,15.293637846655772,14.325040783034225,14.37432028276235,23.46326645675204,20.396604452916236,22.08326985838082,20.396604452916236,13.215585660063077
MT_059,22.853151521802673,10.681884694176189,13.869983721100326,10.019392801636547,13.709755249737896,11.483538111556449,10.019392801636547,8.99492488093262
MT_060,2.9529624034911106,2.7693856998992987,2.595774588788187,4.3977461640867395,3.329796744417365,3.7922040031203537,2.595774588788187,2.8750921227608615
MT_061,8.687653311529042,9.488280185336581,8.367402562006001,8.454229106039543,8.974556586046434,8.684046595232607,8.974556586046434,9.404197222295565
MT_062,3.9752334024896725,9.45340594744125,4.849338692946082,9.573261310452699,6.99488431355434,8.39391879234182,4.849338692946082,5.564931860120105
MT_063,4.204816878980893,4.64437367303609,3.4094678874734634,5.87498348538193,4.64837676704309,5.31201793214364,3.4094678874734634,2.9253193736615244
MT_064,107.63888888888847,0.0,75.34722222222189,119.8398022301077,72.65940517849384,95.15865066978681,72.65940517849384,76.5670884659963
MT_065,8.221726190476224,9.933035714285737,6.130952380952398,5.28251154127905,5.192025888533809,5.230570457586151,5.192025888533809,7.471314581756366
MT_066,4.777383766745438,4.325912792224862,3.5436367218281877,6.881332374407404,4.862757986412912,5.771002565717726,3.5436367218281877,3.4295080394780153
MT_067,23.5745614035087,18.302968960863687,16.873313090418318,18.95715813705921,16.395631308819418,17.162898539824706,16.395631308819418,14.543065334148702
MT_068,23.830239752513545,12.25348027842223,16.490235885537505,17.044214237786647,16.426334525666665,16.687220442871375,16.687220442871375,12.010424402395708
MT_069,19.356540084388204,32.93776371308016,18.378164556962044,14.321114155435916,14.434896372541646,14.372315549139762,14.434896372541646,20.02421343687199
MT_070,5.6068418718119375,7.02068086050122,3.9019183854513244,7.031967800142851,5.150293456870933,6.093883520672875,5.150293456870933,3.6713674447192695
MT_071,7.8309692671394915,4.770347855454236,5.685368118878763,5.725054833510846,6.322714961650039,5.906165037085642,5.685368118878763,4.336888288084818
MT_072,10.507926574885275,9.45191906549856,8.126042970379629,6.577803583126176,7.386982904258353,6.652490650525526,7.386982904258353,7.58082422894165
MT_073,5.365526492287061,2.3631371562709647,4.0592513413816285,4.10905872669139,3.845551311370107,3.8175061179401393,4.0592513413816285,3.7529032524687254
MT_074,10.880383640970015,7.713536011581753,8.170466883822012,11.373957910916253,10.77388973940216,11.103928489406089,10.77388973940216,6.749621127209436
MT_075,4.005626223091976,5.931996086105674,3.908798108284408,5.749522244616572,5.3927325088839355,5.588967197322895,3.908798108284408,5.494991303483135
MT_076,8.450343851132649,3.471733414239471,6.374236448220039,11.830055085033615,10.087774903257301,11.04603022711631,10.087774903257301,4.912365737107435
MT_077,5.9923835125447935,2.6937724014336903,4.540210573476696,4.970760053520015,6.235259037291279,5.507752080711643,5.507752080711643,14.160642010590408
MT_078,6.393903715332286,2.8235653235653224,4.71557212628641,5.817197756668768,4.48750638670682,4.936899860268522,4.48750638670682,4.355576223550199
MT_079,6.592546657217106,4.7247814788566,4.4065969761398565,6.401078749140406,5.967766856009479,6.206088782674858,4.4065969761398565,3.136555575113133
MT_080,1.8987341772151956,2.0965189873417724,1.832805907172997,3.5276289772784124,2.7571217898075027,3.158146736833647,1.832805907172997,2.267442306436836
MT_081,9.831773618538309,8.898729946524051,6.802863190730846,12.207748394330244,9.781235001303912,10.90690502255466,9.781235001303912,6.716371657016739
MT_082,3.800266472868214,2.937257751937983,2.9115188953488356,2.257769700770567,2.4933850469515284,2.2982322964175097,2.4933850469515284,3.200947847082631
MT_083,6.985657764589473,11.622156280909964,6.4437026046818,9.935062378737653,8.864291819023117,9.446468809356473,8.864291819023117,6.649160788834782
MT_084,52.445938818565345,21.6668314873418,41.867269910337484,39.365888496306695,46.23637520512447,41.67489775134942,46.23637520512447,36.69975465087117
MT_085,18.697118454661577,16.357625585355454,13.485386068539803,16.486006300701217,15.217143157432849,15.703390193298844,15.217143157432849,12.638573540894578
MT_086,52.96052631578946,54.30756578947359,42.22428728070175,67.79738886527481,56.65943393372652,62.11097174104632,56.65943393372652,45.65454822092448
MT_087,8.217897977132749,17.535180299032564,8.121701846965706,17.520555832223582,12.685602340765334,15.00378107894872,12.685602340765334,10.926975906577056
MT_088,69.95370370370372,17.361111111111125,49.675925925925945,27.0938679630819,27.856057908799936,27.22304940888672,27.856057908799936,26.643612382828582
MT_089,23.28593474426816,21.522266313933002,17.16269841269849,17.546325005371525,14.809763862973178,16.204850139883064,16.204850139883064,14.38099779099185
MT_090,12.277708850289498,0.5492659222497992,8.716527088502898,43.7581667327054,16.57274145030897,31.524725009920072,16.57274145030897,5.109984084161852
MT_091,9.457694018234365,16.066266399822116,8.022709584167211,12.368935868169473,10.025233492046427,11.24916598350858,10.025233492046427,5.848590211657974
MT_092,30.62175493250258,16.56606957424714,16.64388629283488,4.830390346793828,7.031016992837681,5.5980870452374845,16.56606957424714,16.027329904886766
MT_093,1.0469543147208114,0.8037225042301192,0.6472081218274104,6.58978150246046,5.375933800025032,5.984903721635039,5.375933800025032,3.5051675000065674
MT_094,7.595376452753912,7.669066868788946,5.835228229745659,5.540718165334046,6.045059566929897,5.585099070907678,6.045059566929897,10.732887002524635
MT_095,7.742928234677836,10.70586694604505,3.7656059018683394,10.096006584369524,4.746200010313169,7.651380733179226,10.70586694604505,9.996252729855641
MT_096,2.795893719806763,3.605072463768117,2.0857487922705285,3.4827061920099847,3.272007693703048,3.2644784639342244,3.605072463768117,10.83841760987587
MT_097,20.898984593837557,8.490896358543457,16.55943627450982,24.98885025907209,25.068648068510843,24.76586297243826,25.068648068510843,20.102547616208415
MT_098,181.5280065897853,43.52004393190551,135.72556287753926,127.2779581183432,124.1725654005022,125.79344228717703,124.1725654005022,114.6586345253093
MT_099,255.90006510416666,74.74772135416667,179.99674479166666,125.32262123562559,121.22007497151692,121.88104832058893,121.22007497151692,128.4764849597536
MT_100,8.398524189968937,1.7129937860630264,5.903240124278743,5.776621164142251,5.788887735689369,5.612543125951414,8.398524189968937,7.005380490647812
MT_101,144.90781068524979,23.93655632984905,107.11382113821143,81.38835742176144,82.22795706648172,80.56765036549932,82.22795706648172,94.6422543364085
MT_102,80.53996036988094,97.67173051519194,70.9750660501983,76.25934548839972,67.67857145244783,71.31948520505655,70.9750660501983,74.8115133245134
MT_103,280.15536723163854,115.50141242937866,196.9985875706216,191.5340899938894,163.08588905118975,178.32248784792662,163.08588905118975,127.75636381586277
MT_104,110.79826732673273,39.253300330033134,86.39954620462053,64.58729162689632,60.6357447274841,62.80908819476317,110.79826732673273,83.41118526865598
MT_105,46.82936290617016,21.940032858707582,37.15601040525741,29.42890665650279,26.788058902452196,28.240523657195695,26.788058902452196,36.37833559090566
MT_106,31.40827793605571,1.018914213358659,22.01843937955049,11.456412918170964,13.647147751714883,12.385931441855428,1.018914213358659,26.669517650042284
MT_107,1.7566048341765026,2.2952969833239654,1.9182124789207415,0.753193789830266,1.244509067375919,0.9598785743862362,1.9182124789207415,16.82740749066971
MT_108,16.34043040293041,13.25549450549451,15.414949633699644,27.134587605242046,20.731018433204067,24.252982097713257,16.34043040293041,55.91713826975905
MT_109,51.861702127659676,3.102836879432619,36.170212765957515,22.830948753384508,22.447899946929738,22.658575820910972,22.447899946929738,33.52736045999424
MT_110,4.0095899470899425,3.844246031746032,2.36992945326278,4.096622187435049,4.1427940592774215,4.052514463451337,4.1427940592774215,1.7302824097258531
MT_111,3.3580043859649162,5.054139254385959,3.856565241228072,5.412704665068383,3.757238760329137,4.603608398030078,3.757238760329137,3.094191556493953
MT_112,9.07040926225093,13.36160473882606,5.080438879913838,12.41581352198782,6.9273083290876585,9.802933160925972,5.080438879913838,6.6080493341274185
MT_113,3.2081450803212923,3.0904869477911654,2.7179028614457867,5.404080198726188,4.350128193935715,4.909309842065748,2.7179028614457867,2.32977756027567
MT_114,106.1672185430463,46.70253863134652,85.4097682119205,78.81307050160872,84.3837677532474,81.22473261814793,84.3837677532474,77.1332979564083
MT_115,6.21047877145438,5.062481180367361,4.919451972297502,4.131891296502094,3.795556135581076,3.8694832512554487,4.919451972297502,11.94107311877441
MT_116,7.36659240398897,8.248461701676222,6.721435391470409,10.346182100052092,9.606051143050934,9.913426321698083,9.606051143050934,8.65215838333706
MT_117,0.4583864795918367,0.2856611394557836,0.3228635204081631,0.7098804444178327,1.1424472571230249,0.8900602741434316,0.4583864795918367,1.7262400127099458
MT_118,9.683590259159951,31.64097408400363,15.391113717605029,33.59048173557819,27.411208729748235,30.809810138625892,15.391113717605029,13.912292695221936
MT_119,36.666389627659576,49.58194813829783,40.52111037234041,49.82380410015046,46.70892315046158,48.42210837215163,46.70892315046158,42.1693353295061
MT_120,8.381351492928232,17.892221058145626,11.064366160293348,16.566509603939267,14.471558145105433,15.623781745487264,11.064366160293348,5.628929735125957
MT_121,63.00403225806449,56.95564516129027,57.7044930875576,89.68001791902195,81.50614252691078,86.00177752116689,57.7044930875576,58.301451023847754
MT_122,3.6711290992112904,5.0526670817766695,3.4512505188875053,4.2753351200368455,3.527146562395785,3.796011317032647,3.4512505188875053,4.292985016279729
MT_123,12.600330500472175,0.0,8.820231350330527,7.242409461603782,7.264994444770586,7.249746244280414,7.249746244280414,4.24387672459529
MT_124,79.994019138756,47.6973684210526,56.87799043062203,52.298177506450315,43.06472557469422,47.937957794852174,43.06472557469422,38.183857093178425
MT_125,17.82527080256031,3.4388847858197877,12.323055145248643,7.505753802029456,11.040441006759535,8.941004517305975,12.323055145248643,10.506995853829244
MT_126,17.132785351510293,4.728013900026728,11.931134723336008,7.881067665549483,9.173723225413841,8.228390047499708,9.173723225413841,17.424251155390287
MT_127,0.02593360995850622,0.12966804979253113,0.05705394190871369,19.02566618657165,12.423557412327574,16.054717108025013,12.423557412327574,2.2439060248951894
MT_128,23.970883534136586,24.495710113179996,12.423557867834978,20.55829466695814,18.9966082828852,19.785663861297916,18.9966082828852,9.96258185266123
MT_129,7.892584788280284,2.1756472004816882,5.751128838049479,5.343992846381295,7.529282720123,6.163555666087291,7.529282720123,5.056653748788532
MT_130,18.315018315018317,8.585164835164846,14.365842490842496,17.268115307429934,15.232699353616335,16.35217831497503,8.585164835164846,11.604613726769562
MT_131,12.152777777777752,3.6892361111110716,9.418402777777743,13.246044097604232,10.264654616514857,11.793552088781231,3.6892361111110716,8.919582893714555
MT_132,7.075985194861752,5.851295449597217,6.626932288264755,11.544527879478137,10.438231764381145,11.046694662453866,5.851295449597217,6.396118951201495
MT_133,0.0841184387617776,1.5141318977119784,0.4934948407357555,2.013850973651797,2.8094711251165805,2.3442219379159446,0.0841184387617776,2.4282217702311164
MT_134,7.921299617407937,2.5608261597321906,5.305221783835484,4.646072822125727,3.206002033965429,3.848946074872719,2.5608261597321906,14.00901842091236
MT_135,4.106311433005691,1.7621572684945803,3.087277978961891,2.871492381878522,2.590902191705798,2.4554085780448176,1.7621572684945803,12.810364573556205
MT_136,27.04973118279567,0.0,18.934811827956974,13.406090165070408,12.84641979244878,13.14976755030986,0.0,13.213139998938486
MT_137,13.538998007401096,1.9925989183034434,9.733489894676927,6.104624968550101,7.664324742384238,6.735835569980672,7.664324742384238,15.928587533957938
MT_138,28.114810634562264,26.468836217707537,20.891334336593957,21.753167167895498,16.256073488159434,18.992993160275763,16.256073488159434,15.797903078452777
MT_139,25.44255527567871,52.89672544080602,30.542436328015686,38.182857682302334,29.773554436005412,33.90653361713243,29.773554436005412,31.692726819433062
MT_140,106.0157790927022,118.03500986193296,109.4736193293886,113.67422347864044,113.68256891972923,113.6779796026497,113.68256891972923,100.72216652811032
MT_141,0.17111567419575024,0.13903148528404707,0.16149041752223914,1.4070992655103713,1.1358682138311194,0.9753967644728888,0.17111567419575024,1.7429652804345614
MT_142,1.3197586726998578,1.8460910005027698,1.3126885369532515,3.0459370787874156,2.784634436417484,2.8956599520094817,1.3197586726998578,1.2830890416223861
MT_143,7.3212013813158885,0.0,5.124840966921121,4.140434702520721,4.028236718491523,3.8320477256724153,4.028236718491523,3.8870260775596104
MT_144,2.6437874596587534,4.372694790225949,2.596242508068164,3.0486980820736647,2.8931287982706606,2.6558307945848596,2.596242508068164,3.9088118829417895
MT_145,0.7875566056310307,1.4397519196692123,0.6940342587123437,4.59727011841725,1.7683286347664293,3.184681671168112,0.6940342587123437,1.6083286107014534
MT_146,0.9527089072543523,5.188246097337008,2.0948117539026563,1.0746856377061675,1.9600241348434757,1.2630417251699164,0.9527089072543523,4.4465162340143864
MT_147,4.5731707317071555,14.227642276422975,6.4227642276423085,138.72794898035986,130.096018721418,134.84360325201956,6.4227642276423085,43.519409335352215
MT_148,8.746169560776272,14.18858529111337,8.491338951310823,26.737207580927407,13.462840064999824,20.72221458118563,20.72221458118563,10.614728599829569
MT_149,1.2969904389395992,0.8352346805736635,1.0416666666666747,1.9821928592742823,1.7854864267824162,1.8527372453989577,1.0416666666666747,1.5863219010415908
MT_150,0.8478682170542652,0.9689922480620274,0.8587056303549648,2.331410423082719,2.028776903631048,2.14263089613314,0.8478682170542652,0.9510334384178178
MT_151,4.7598749644785245,0.0,3.3319124751349656,3.0046333592012786,3.0340017707350184,2.4372272518163975,0.0,10.097104986513289
MT_152,22.05354579385585,19.40676141257515,17.851887740453098,39.32258844180934,26.47750769063921,28.40365739624998,19.40676141257515,37.00616918939582
MT_153,18.078873732074197,10.351084295208105,11.609172787687974,10.993007160910883,12.17832682924115,11.441823989048322,10.351084295208105,12.002316697795221
MT_154,1.5289510735656353,2.2439281942977694,1.598248856036595,1.7169873408146143,2.5780223251773737,1.8598002322908413,1.5289510735656353,3.2185987964418223
MT_155,18.5185185185185,21.903935185185215,13.66608796296292,16.968698600180343,16.218731473993348,16.361391944121923,16.218731473993348,15.489064650413972
MT_156,24.988368163859416,35.43486171761283,27.21192685589519,26.85388754597946,26.838426563293083,26.83282800011693,26.83282800011693,31.67015047044926
MT_157,698.3069164265125,782.2706532180595,721.7128962536017,574.8209552443602,629.2496621665987,599.3138581005786,782.2706532180595,652.7155734836809
MT_158,32.64831216577536,9.717440953654213,21.251643270944758,11.629546102278974,11.583588076572779,11.549481614469931,9.717440953654213,11.32328582301887
MT_159,29.324712643678165,36.75317289272031,30.231172174329497,29.98868334866621,30.728957773320662,30.264332971286525,30.728957773320662,35.0369178190793
MT_160,0.2629002043596727,0.8175806085376925,0.37243840826521285,1.197012046034007,1.644819703755001,1.3953919872307274,0.37243840826521285,1.847799384841957
MT_161,137.60288065843613,176.0866769547324,136.9052211934152,105.33718475624939,111.26996194972958,104.25041977452408,111.26996194972958,147.89067013791305
MT_162,119.20068928950157,154.18434075645106,124.88622304701308,118.46924284801396,134.0301407355224,125.4716433052195,154.18434075645106,136.98967982945507
MT_163,291.4506528417821,180.99558371735745,242.46831797234995,179.49654124356366,172.51879010881677,172.4664288678484,172.51879010881677,196.25024289000893
MT_164,55.98286661753875,71.3430361090641,59.064879636453014,60.053640860818,56.918556650626044,58.6428520205046,71.3430361090641,65.17534090712692
MT_165,16.09694118759451,13.095688350983357,13.578121060262182,12.523333610672537,12.045514375828029,12.033280071388967,12.045514375828029,16.398275389844404
MT_166,148.80380036630035,209.51694139194126,156.7530906593407,143.6275827834983,163.3232502500649,150.83232218421895,163.3232502500649,156.95518157860567
MT_167,8.26839633856398,12.22962731811696,9.028270625297182,11.186596885399277,9.960147311445967,10.540591383226555,9.028270625297182,15.176558138713569
MT_168,13.054105530474061,8.227638261851043,9.702760534236285,10.304911360075335,9.25695657407188,9.690611124231092,9.25695657407188,9.16693546174914
MT_169,2.7343017531219984,2.407000480307383,2.219772394332368,1.7144397883429132,1.9268192532655668,1.6284282360533069,2.219772394332368,12.553728985815837
MT_170,12.358122051886786,21.315595518867923,14.524235947327044,19.145341169364595,16.3712858104106,17.832449635095227,14.524235947327044,17.452910388471135
MT_171,15.259000503524646,21.072822255790467,16.106117824773378,15.432583731076756,15.516251188510617,15.122503043019051,15.516251188510617,19.079538508310957
MT_172,17.795636156081365,13.23746886674975,15.639840182648413,14.503729133204189,14.300625917475054,14.293983713239436,14.300625917475054,15.279504591274156
MT_173,4.808102577499124,8.357279693486587,5.762843956809474,7.282057539621516,6.236068790775275,6.777112324818039,6.236068790775275,14.75759743368432
MT_174,21.66634664618532,20.608518945212438,18.975662442396306,20.030175615879898,20.002288431127525,19.622702886151863,20.002288431127525,21.22275977033188
MT_175,32.11280153508777,37.32404742324568,30.082185444079006,35.073860271698884,30.81723149617513,33.04739864155041,30.81723149617513,27.11476490967462
MT_176,7.829912935323434,9.10737976782759,8.144496268656768,8.207376885311614,8.498214477330352,8.23588928948737,8.498214477330352,14.057942025937647
MT_177,18.180825848303357,22.048247255489,18.415871382235512,18.68432691401249,17.86304464739954,18.12338790455885,18.415871382235512,21.64302808405749
MT_178,52.19112950058076,33.46943960511028,38.12870209059239,45.98010695601388,37.921268928341796,41.220189633423125,37.921268928341796,
MT_179,3.8930679044630394,10.242377092050225,5.1800259327057185,8.434645082729588,6.506654893404285,7.468654795984027,6.506654893404285,10.896381075997153
MT_180,36.38894305772234,44.49232969318774,38.77120709828396,43.56076220210574,40.32606941725026,42.08696637636974,40.32606941725026,37.75342010369474
MT_181,14.050424813780227,9.766788873370585,10.249738128491591,11.112637074711651,11.12708214630183,11.052506242760236,11.12708214630183,29.07532035333926
MT_182,4.617111516357206,4.679556255526079,4.354594938107866,5.86182061552213,5.379615776734899,5.565997934961597,4.354594938107866,11.663383066200895
MT_183,13.350668762327407,9.623089250493102,9.009992911735692,8.367508592489887,9.571347920382037,8.778686747758021,9.571347920382037,10.433404212894953
MT_184,6.030627809890814,10.794797687861283,6.564145793192043,7.104597594799472,6.529733293088653,6.6982022475630245,6.529733293088653,14.254137852896042
MT_185,5.105068187778654,4.8483805402570175,4.399947547862577,5.098143634672412,4.54257294477017,4.737536803391862,4.54257294477017,12.70234600759859
MT_186,42.94590643274855,43.98148148148149,39.711257309941494,40.34728721642729,39.4715375770138,39.50621546715042,39.50621546715042,40.321514548847986
MT_187,23.10930897340292,13.112105393984612,19.084793686303737,16.544812544769158,16.6990385628031,16.614214562828582,16.6990385628031,17.311817488404653
MT_188,4.264736622073578,3.604724080267562,3.861511752136756,4.32735251663115,3.683818941442381,3.9498201511898814,3.861511752136756,12.724938827342408
MT_189,58.392481598317545,45.100552050473176,45.82840431125129,39.28913148977255,40.1393613684942,37.67189906309197,40.1393613684942,42.99932379872467
MT_190,34.952346041055705,27.254398826979482,24.323069403714552,31.454672191880594,27.22910018167653,28.015104895164413,27.22910018167653,21.214256566869036
MT_191,257.49400479616315,104.09172661870548,177.34562350119916,134.62068670421417,114.72817297919472,118.86477896405013,114.72817297919472,142.6175251848214
MT_192,55.67207307979121,88.07171265224953,46.980642555306964,67.82459735297824,52.97381616166178,61.03015750691723,52.97381616166178,49.37043382871624
MT_193,25.168396140542473,9.603131257964673,16.09320953941378,17.281963854148785,13.028918940795691,15.104137044948658,13.028918940795691,12.588644572985187
MT_194,254.87663312146893,429.86405367231623,239.2284825211859,284.1399551185007,343.9678945595263,309.53416039445915,343.9678945595263,253.33378934265443
MT_195,77.92230682459108,66.62436548223349,70.92322335025376,64.12170189204033,66.54902136964576,63.63934496016836,66.54902136964576,69.62978950569334
MT_196,2919.270833333327,2786.4583333333326,2811.545138888887,2607.5555874546776,2695.10709635416,2596.797058374856,2596.797058374856,2679.218531191088
MT_197,21.806395609318958,10.136648745519775,15.678903449820746,16.95788245256149,14.86988159918014,15.835943210376405,14.86988159918014,13.890721129217576
MT_198,47.63349514563112,46.78398058252429,37.78317152103563,35.92001025952505,34.1493876271006,34.79905067588196,34.1493876271006,35.14397855801969
MT_199,56.95121368501531,38.996798547400594,46.593081039755326,54.514941824185826,47.53649341221612,51.016618549856844,47.53649341221612,40.94932575128461
MT_200,95.44161848384731,91.88561169236418,80.3319222650514,77.66104177769803,75.29854309821442,76.55768013587688,75.29854309821442,79.06749365049754
MT_201,44.61465571699308,34.28353337544749,34.85602232048854,33.54103987978851,29.56727760991292,31.247264831983383,29.56727760991292,34.69774963826868
MT_202,25.457746478873215,16.038732394366104,15.511150234741775,12.212616022693625,12.074910960846653,11.806605307179366,12.074910960846653,9.584039187085912
MT_203,52.17293906810031,25.07840501792116,40.20721326164871,31.914013802531382,36.36110967547234,31.889102890989353,36.36110967547234,37.18983743309842
MT_204,92.92599502487572,40.516169154228756,63.142101990049866,60.59035856585988,60.324942593550816,59.34170551946729,60.324942593550816,62.29677514659685
MT_205,28.270656779660964,0.0,19.789459745762667,20.877408380917142,11.909578204828442,15.67669134227937,11.909578204828442,15.4399847522279
MT_206,36.380775105001874,38.152682321496734,34.3469597174494,33.84717804677944,33.93906008191308,33.46199391527535,33.93906008191308,34.84857655144083
MT_207,127.33843537414931,119.06179138321977,122.39795918367317,109.74542231771814,122.30833966175167,114.1710878762269,122.30833966175167,120.80420609183169
MT_208,817.7521008403356,822.3039215686277,740.5462184873949,868.6490180209667,788.8160497841717,825.4737202851148,825.4737202851148,708.4109049601275
MT_209,87.158203125,109.86328125,93.4814453125,74.39452423729297,92.17514165242513,81.59927873470377,92.17514165242513,87.50185823754411
MT_210,165.53456072351426,34.61455641688203,109.43039405684756,61.91998690264733,60.543943433079825,61.30076797712483,60.543943433079825,86.45448488766431
MT_211,27.512786458333334,14.741953125,19.68986979166667,17.241272684958865,16.824827740987143,16.987278778147758,16.824827740987143,18.743436530076313
MT_212,48.28811369509035,47.399870801033536,46.71350129198961,49.07231622140756,47.797182980125775,48.3441476604994,47.797182980125775,46.77296672397628
MT_213,119.75777295733945,49.439624005784786,84.9602313810559,70.37583278044376,70.84192783799783,70.47519895640998,70.84192783799783,68.20412249714576
MT_214,54.76705702647663,15.932620502376105,38.10781568228111,33.0980976618609,26.62465051105862,29.15438945319238,26.62465051105862,30.729372886085628
MT_215,26.72609508547005,15.157585470085522,18.74165331196581,24.70412486079608,20.107331854665365,21.68605168511642,20.107331854665365,15.614834287049455
MT_216,202.53408776301214,232.1743493909186,204.22793812292335,182.72972448032033,200.25087950950487,187.73004729262652,200.25087950950487,197.99285540186483
MT_217,32.61189634864545,37.47055359246167,31.897820965842143,33.036235125756725,32.86753065089031,32.62311265482444,32.86753065089031,35.380817426595364
MT_218,133.17127441714015,106.94313169502264,106.10387129804747,101.85053377804695,100.19465103582114,100.63846055301832,100.19465103582114,106.7097408771068
MT_219,90.16577060931901,46.7293906810036,75.76388888888889,59.31586105952189,63.32677606015226,60.78703038438989,63.32677606015226,66.44735897446817
MT_220,499.73628691983134,404.2721518987344,422.0727848101264,227.48230362695827,229.10599044606624,225.2146229009212,229.10599044606624,327.3391450877899
MT_221,13.491237202845703,12.216944299843831,9.7383090404303,13.393388078860369,9.972783363881106,11.748609331367389,9.972783363881106,12.777844642170196
MT_222,95.18055555555556,160.2222222222222,105.16527777777769,88.94540452039756,100.34898588392473,92.76383699206492,100.34898588392473,100.45222338609045
MT_223,0.0,0.0,0.0,2.6856263128538416,2.7107074425245323,2.6969127779146755,0.0,15.908626704066677
MT_224,398.49486714975774,229.7569444444439,336.85507246376704,295.96577569552664,295.75167476635613,293.75742821149254,293.75742821149254,311.0651028895584
MT_225,16.69014227642272,22.745325203252047,16.537245934959316,20.812845207868037,19.103903021463495,20.032604790685745,19.103903021463495,17.180045026417186
MT_226,64.96428109645716,81.6923648823377,69.94876519265576,74.67757184471206,71.18708908302023,72.746419734772,71.18708908302023,70.09687032405657
MT_227,31.15404298874104,33.297082906857774,31.436583077448017,35.34729998705992,33.49569894510178,34.21155815103899,33.49569894510178,32.577601355222896
MT_228,483.5526315789472,273.0263157894738,351.09649122806985,406.7957230748498,344.857294986123,377.19852764195656,377.19852764195656,486.5540026831595
MT_229,25.47011849562054,0.0,17.82908294693441,53.60025496373418,27.648205182774728,41.59874193522082,27.648205182774728,29.279201359708257
MT_230,19.24514200298955,6.335248505231687,14.501004297458891,10.212893832179418,11.28611687943895,10.606362311908216,11.28611687943895,15.934499125260883
MT_231,86.51255707762562,85.48325722983257,79.44577625570777,90.23479886886048,84.35399362340551,87.58844025952469,84.35399362340551,79.94410767317689
MT_232,16.12274109858648,10.296173286813366,13.851902173913018,11.381896973930855,11.329873033661082,11.26179835407797,11.329873033661082,17.527685017341835
MT_233,16.578747690683546,18.167392451834214,16.886843494325653,18.888782909050942,17.5967022947914,18.116082329229133,17.5967022947914,20.277277362413276
MT_234,10.632785956964868,7.4186603435258744,6.832537042280094,6.164424283711,6.889325437657365,6.470419086146362,6.889325437657365,12.216419014649643
MT_235,61.608455882352864,50.00255310457525,46.57695057189543,55.41037678666518,49.21229984557701,49.904103500501776,49.21229984557701,47.662259276727745
MT_236,11.29324295820357,0.0,7.905270070742493,7.889935596718954,5.435652195107516,6.272157455682941,5.435652195107516,8.575466213951978
MT_237,9.603822314049598,11.21097337006428,9.536289026629943,11.585695981882324,10.700781988156185,11.187485010544284,10.700781988156185,12.871724165529573
MT_238,88.72291666666668,79.31757812500001,81.15626302083334,68.97088199276645,71.35200131734213,69.721512888129,71.35200131734213,78.54518566306484
MT_239,14.471463022508047,22.073954983922818,16.218465300107187,21.443312575946646,18.10278528832932,19.940076043563725,18.10278528832932,15.840687314579469
MT_240,50.65361445783137,45.78840361445782,46.04194277108434,46.989447287184674,43.8580278680028,45.371177329539194,43.8580278680028,44.837410905327395
MT_241,234.81738683127546,180.73495370370435,174.37969393004127,193.08328020542672,166.646075213397,180.40321881070238,166.646075213397,123.58302050732254
MT_242,14.016360110110119,30.29169794794787,17.262700200200204,28.219822169824255,26.106203937435016,26.990059763209356,26.106203937435016,19.313093542442825
MT_243,20.137231503579947,0.04972155926809899,14.081145584725524,7.922846918375171,9.188193368013977,8.217510884332526,9.188193368013977,18.24949520487826
MT_244,23.018916743330347,9.873984207298376,16.36281048758055,13.043678102326941,15.131208653466151,13.8506612633211,15.131208653466151,14.340345232951293
MT_245,37.73922413793097,20.088601532567044,29.563194444444417,22.87516910019136,24.68742956329579,23.635876530823605,24.68742956329579,23.95674588350303
MT_246,31.099152835408017,0.0,21.769406984785594,22.46675513957216,14.849936753057953,16.8737645977577,14.849936753057953,19.068851077207416
MT_247,66.00045167118347,40.481029810298224,50.88640469738039,53.41055093530483,52.75609408398427,52.3270172461441,52.75609408398427,45.07218633421479
MT_248,21.15623843877168,25.285446725860137,21.74972253052158,24.238544134359916,22.876501219209974,23.391476435080182,22.876501219209974,24.609123741019143
MT_249,10.07353670634921,13.409102182539675,10.381287202380943,12.393787216900817,11.301990758805053,11.902478612075575,11.301990758805053,14.139863214380142
MT_250,8.822950377562059,5.4639967637539995,6.789819309600868,5.223865875083448,5.810542893641198,5.40910198289495,5.810542893641198,12.860174567153669
MT_251,9.040675663637996,7.242568590771423,6.569856582932485,7.489590067512616,7.369110928655586,7.435374725234674,7.369110928655586,12.837422138288764
MT_252,34.450568762781174,34.728559560327106,32.8019874744376,34.82728792408674,33.42451548235057,34.17314408920951,33.42451548235057,33.95053969352471
MT_253,71.9626632595117,72.12361584327087,54.55187038614429,51.19315402799058,51.18213769998289,49.36666427392972,51.18213769998289,49.86639144863566
MT_254,27.285245433789996,16.280536529680372,21.13919805936074,19.8666324337195,17.67661359865371,18.8734168532165,17.67661359865371,18.09351503753736
MT_255,65.86949685534597,121.01297169811316,77.96670597484275,87.0419122033179,89.65129199717778,87.99046080712431,89.65129199717778,85.3997927649441
MT_256,9.813526459854003,14.27387469586374,7.668282390510906,10.553631894500006,8.20076447739798,9.477107144714386,8.20076447739798,9.947659202915286
MT_257,9.88111833952909,13.909154275092867,9.726630266418816,10.54483509813808,10.0051127910023,10.30196025066184,10.0051127910023,13.191447435620946
MT_258,13.969752234490073,4.931897344900047,9.108454915878072,7.5879631390279405,8.487497047420312,7.805630282243462,8.487497047420312,11.720719608549464
MT_259,10.467799188641033,11.565880662609892,8.124852096010818,9.013726758940038,9.475053548651708,9.221324481882313,9.475053548651708,12.100107433905789
MT_260,29.61238095238099,26.1071428571429,28.031357142857193,26.60133952431219,26.832459371657617,26.550715646819697,26.832459371657617,29.961035114403
MT_261,9.540509259259254,8.24747474747475,7.259901094276093,7.1686074661211,6.63390607384319,6.891059395145734,7.259901094276093,16.74258868128962
MT_262,17.650719317096325,16.680165801098354,15.495566872612104,16.238475366849453,14.81373547350889,15.205928443986856,14.81373547350889,14.333885010691226
MT_263,29.052110319516288,37.84488341968905,27.77880775043168,31.592096455319417,29.771115029619896,30.1574480507493,29.771115029619896,32.096348582612805
MT_264,29.346905471289244,18.338757222824125,22.433506906825556,22.620619827645154,19.686903088460408,21.18938778228505,19.686903088460408,19.34281141770716
MT_265,15.716576396807321,19.287224439376676,15.93322405929307,16.482969765587395,15.854492469868822,16.149493919885327,15.854492469868822,18.916209907385745
MT_266,23.071788507821836,18.012560168471712,18.975161702767682,17.225794697732677,17.072864004564277,16.866712433264137,17.072864004564277,19.41441403960331
MT_267,6.736032465081165,0.0,4.715222725556818,5.416707198110365,4.3142063371997486,4.7967823861493235,4.3142063371997486,8.099567374378733
MT_268,20.418713163064837,31.639652914210885,22.810330713817905,23.442817422050933,23.487460564224264,23.42314646103848,23.487460564224264,26.567255582397568
MT_269,103.96904761904766,105.92023809523816,103.81488095238097,106.52722443210867,102.41409011114213,103.9191549265634,102.41409011114213,105.96171216811727
MT_270,11.36930061823802,6.701818220848352,9.066793319594707,8.253471772674684,8.599256237818773,8.278242279060834,8.599256237818773,10.984862604765718
MT_271,20.14278761617682,9.885157623712672,13.037427781964306,13.385307918233906,14.082576354045225,13.44882666745459,14.082576354045225,13.597315201425728
MT_272,20.926275451841637,27.081903454587064,20.212051018073666,24.69447218888313,21.11313831972549,23.057725462735743,21.11313831972549,21.83491372363912
MT_273,106.54404404404409,26.77677677677677,77.4461961961962,59.42351311535518,68.26908081024158,62.65557628906253,68.26908081024158,65.97549174193547
MT_274,36.60846267553581,27.161862527716256,24.1708240946046,20.48426299091807,22.50169891052929,20.482206268452533,22.50169891052929,21.70413244550804
MT_275,23.403765025427617,26.747067152103615,24.210428224687956,27.250503997212473,25.546225485623165,26.44705024023466,25.546225485623165,23.063133174899892
MT_276,194.10066006600525,113.84591584158322,156.9543110561045,157.00090176985228,179.15622708663696,166.07228219049298,179.15622708663696,138.4273402301571
MT_277,11.51304124673385,10.885999906681581,11.284183697275095,12.695726429440581,11.720361304309819,12.242885084145875,11.720361304309819,11.279793265399208
MT_278,7.753517062178067,4.558378173289182,5.449500781824877,5.355163786861708,5.308860485969521,5.231849460016796,5.308860485969521,12.727069960478765
MT_279,1106.27604166667,0.0,774.3932291666689,788.8000946243465,764.7688327365448,742.6491187202319,742.6491187202319,440.871939170787
MT_280,39.496141975308625,19.032407407407394,27.21743827160493,29.92708124345819,25.975284011275665,27.840527479036528,25.975284011275665,24.93793706899487
MT_281,9.32086116170816,8.956276879680225,9.047235219338193,9.763037260342156,9.753195283500268,9.713998633697804,9.753195283500268,13.526195136649859
MT_282,5.19259386446885,0.0,3.6348157051281933,3.876512813894316,2.356272515796437,3.003239173461624,2.356272515796437,9.260342804412382
MT_283,30.299585603996324,37.532215031789256,30.90122615803814,32.335310907249415,31.09898923896417,31.698726723183977,31.09898923896417,31.735750924302625
MT_284,10.940737259816212,12.891342940685051,11.511299081035931,12.830619985296002,12.136905631724266,12.51844859374065,11.511299081035931,11.94235423457524
MT_285,14.893357287635888,14.268875529758594,14.104230007370562,13.398535150010552,13.909299954670416,13.56002670911475,13.909299954670416,18.162190605845485
MT_286,25.78433132299445,8.944272927436403,17.758196917480372,12.481291356294264,11.88765393749591,12.037190500391665,11.88765393749591,17.445081673096173
MT_287,16.10256725721788,5.918122539370079,12.831785187007895,11.750268120717983,12.306258431882691,11.850592922262239,12.306258431882691,17.450588417093233
MT_288,108.8892690592052,17.41864355231144,77.50371299675587,38.15850216777524,22.40850901120287,31.071005175792106,22.40850901120287,70.56561078922293
MT_289,13.811207639287801,17.902247271682956,14.635590178058564,15.93923048201456,14.324659431160987,15.212673509130452,14.324659431160987,20.008278495659
MT_290,129.12238675958162,154.74266840882675,132.73167102206713,140.48979663065154,141.30453386207057,140.8564339161011,141.30453386207057,137.8798815816659
MT_291,26.20018115942028,8.746603260869568,20.162477355072447,15.960650409835779,15.941654004912428,15.859178596845759,15.941654004912428,18.94059970848143
MT_292,35.899642588412355,19.749811888638074,25.136898043641832,24.390274156150184,20.247453570455615,22.30329450758099,20.247453570455615,21.942541566432947
MT_293,21.495027729967486,7.216903327596055,15.243408156435256,12.725262934829551,12.036943207053362,12.415519462641852,12.036943207053362,14.312366850524787
MT_294,69.99507319819827,103.52899774774778,73.78540259009011,80.51030800985846,78.97172484526764,79.58806730295494,78.97172484526764,78.76435194847271
MT_295,38.301054216867364,11.271962851405613,26.13923945783128,24.93417621226767,21.540589514123344,23.40706346966847,21.540589514123344,20.230172324420025
MT_296,7.726242444593677,4.9564864562346,4.875083948959002,6.916199286965965,6.041221061648432,6.41880990072977,6.041221061648432,8.199084962445896
MT_297,29.040768678160813,8.898706896551738,19.714260057471172,12.97105566957203,13.15206194472035,12.062605405019491,13.15206194472035,19.93216056449351
MT_298,140.83274816176495,58.79843443627444,104.16289522058833,85.43064372692827,95.95226658241427,90.1026711747196,95.95226658241427,94.70165296947995
MT_299,42.14155443322105,28.02960157126829,33.93287037037032,32.878423565241384,34.08417554870329,32.4495209010607,34.08417554870329,31.534351927132604
MT_300,10.44962601994563,11.044972045935367,8.657657147174401,9.996621457034447,8.192366845876533,9.017046781428933,8.192366845876533,9.312643990250514
MT_301,15.936210245205105,9.339721412964293,11.29976177470256,10.13492739935184,9.805828270445607,9.844427042453935,9.805828270445607,12.903456590750132
MT_302,19.38615472356418,19.535946725711256,17.573235373054246,19.307998223538963,18.432617458808313,18.905613510811406,18.432617458808313,18.66593642202687
MT_303,36.042723123732195,23.99604885057468,32.21715474983094,25.211469694743226,27.73176025909053,26.133244260565537,27.73176025909053,34.12432177588041
MT_304,6.371784832953689,9.19881833712985,5.886170036066815,9.98964835468024,8.534335721688647,9.282082472448659,8.534335721688647,9.291622011836132
MT_305,10.731485549697323,6.845159636789686,8.248120484280411,8.958523600097363,8.749155662088176,8.766240556150803,8.248120484280411,11.789898996813207
MT_306,13.565939940991697,9.212854209118708,10.008099687977602,9.768319475051221,8.998146621349779,9.377267297421207,8.998146621349779,14.70705475279542
MT_307,116.45669871794883,55.49009348290588,72.91582024572652,78.54621395628776,68.53297098143489,73.88089082468527,68.53297098143489,74.47460447963297
MT_308,15.930779569892474,15.744707661290333,13.706219198028679,14.319626139747285,13.6173316381311,13.901154926005907,13.6173316381311,17.81949618730029
MT_309,17.0537386302836,6.649779293739965,10.933620920278239,9.41850218332924,11.839475998079914,10.172313737159966,11.839475998079914,10.925265242752205
MT_310,70.31623692077734,17.45235426008973,51.55852952167419,51.52055215776846,51.43660211491838,50.39536123493382,51.43660211491838,49.54142638101481
MT_311,16.270245829323084,17.414778833814584,15.236231753288436,16.473184802516762,15.962482934645243,16.165608512939702,15.962482934645243,18.20931355501681
MT_312,62.44004991319448,33.87966579861109,39.08878580729169,34.892119710918024,32.04061932033962,32.574621550360426,32.04061932033962,31.1047946061689
MT_313,7.965422642329389,0.0,5.575795849630566,5.980915795319189,5.326908516914949,5.37838188103976,5.326908516914949,6.879858741250658
MT_314,78.76521535580592,54.01275749063615,57.52861657303385,38.69078475197109,47.14552007096563,39.957546268900266,47.14552007096563,45.73153219715105
MT_315,9.421755984766053,10.480878219078686,9.457902611534271,10.042161867920107,9.683330541250283,9.84686286975254,9.683330541250283,16.561158591094028
MT_316,36.342674970344,31.096900948991692,30.950659845788834,33.186147850541595,29.880389974917605,30.863169591369243,29.880389974917605,31.173533146725983
MT_317,40.88053877139975,47.94467522658607,38.20723187311173,37.593801642439765,37.70148685067324,36.86250790596504,37.70148685067324,38.731497289802455
MT_318,24.682715043456067,10.557908358895704,18.54462545799248,11.235707168223739,14.289507786985453,12.525782001658746,14.289507786985453,20.58721597215205
MT_319,9.345282043709412,6.0091799566844495,6.735424050009864,6.248035029443891,6.077339920619281,6.123993416160695,6.077339920619281,11.301053285325624
MT_320,16.7563754180602,6.870412950576018,12.67251950947606,11.461322225938813,11.156814539047149,11.306932394846285,11.156814539047149,12.186572947210053
MT_321,17.570505474917198,19.220301757066434,14.833269671504949,16.902947716474184,16.694221753032263,16.592404212600567,16.694221753032263,16.398372157297157
MT_322,13.07235726399098,11.423591482947051,10.863011117392139,9.400212959879072,8.512119007308273,8.805413689410228,8.512119007308273,16.022425124432473
MT_323,280.8638211382109,175.72281504065108,215.64138719512172,178.8941563781384,173.29539632409626,170.27628198663163,173.29539632409626,186.72419687547222
MT_324,50.03208810152582,42.7997515038145,45.25334222784621,47.45524404242189,44.01985175620777,45.43000227272904,44.01985175620777,42.59142287190872
MT_325,25.655864197530903,19.80074437182281,20.812908496732074,21.512257089728337,18.651763283003103,20.146235582211535,18.651763283003103,20.81145501614917
MT_326,24.977789900249473,33.09694513715714,26.159302265170467,30.03410032885259,26.748975783908588,28.454826427310195,26.748975783908588,28.60624443418318
MT_327,79.78465300107179,39.43364482851026,58.52621550107179,62.287970096322944,55.574012541285434,58.861210872688105,55.574012541285434,50.497308487074044
MT_328,173.9969135802469,94.212962962963,122.16049382716051,125.01142802941105,115.1739478405612,118.4506067240693,115.1739478405612,124.0223374414569
MT_329,18.282475490195957,18.15885416666654,17.667631740195947,18.433087666238777,17.841859761406308,18.1670361104222,17.841859761406308,17.769986081159946
MT_330,15.592057291666668,8.510416666666666,10.66369791666667,11.96581776680673,11.366410605112712,11.696085187774585,11.366410605112712,8.631563907077142
MT_331,47.69483024691357,58.60580632716049,48.94748263888889,44.94002604989013,44.06007328739869,44.392096746093266,44.06007328739869,50.82240528591626
MT_332,16.061554132712462,19.172002328288738,16.969222933643778,15.31288228618432,16.030100150768927,15.597468029250741,19.172002328288738,22.855936996355194
MT_333,8.294968857388296,12.012913445017238,6.228452534364284,9.56744140755354,7.122422840996765,8.360465138690243,6.228452534364284,10.232851588629448
MT_334,32.50450334534227,15.300651912849567,25.7264324927089,24.844305087837842,20.35775871721874,22.814436488889683,25.7264324927089,24.032921866172956
MT_335,12.31400718317082,0.0,8.619805028219572,1.2985978350744705,3.1915781341374676,2.047458871556418,12.31400718317082,9.101822402254987
MT_336,15.753875492126014,22.9951505085302,11.223091986548525,17.85959284206447,15.038403150603509,16.357557034782698,15.753875492126014,12.14692166670581
MT_337,17.56802262931031,10.927060883620628,11.420920887212604,10.48572215540497,10.966478161428148,10.39276526350041,10.966478161428148,11.121787204694364
MT_338,19.796176046176033,0.0,13.85732323232322,20.4886921398878,11.908726507795116,16.495376642365,11.908726507795116,9.358586195427906
MT_339,414.10907859078526,104.09891598915918,315.889227642276,328.41883212922977,277.62946950193935,303.8421991557247,277.62946950193935,212.75881031838762
MT_340,30.44871794871801,10.996642246642251,23.244047619047645,19.952114665403304,17.03591321355987,18.56786437406092,17.03591321355987,22.8728858107453
MT_341,140.33637699412253,84.35663308144416,94.968776238455,74.61707898526163,74.93930308664666,74.76208313695582,74.93930308664666,69.59503722403655
MT_342,80.69724825763033,12.196587358807934,56.82453136265314,36.13779355651934,34.655791551039414,35.06186564548632,34.655791551039414,49.72042609584463
MT_343,29.21140081799591,19.42740286298566,25.327837423312843,22.219477200726363,19.003818292559277,20.363913014379417,25.327837423312843,24.074346083117742
MT_344,71.59496910003861,22.37229625337966,51.664494013132476,38.58688656848159,34.364374225597345,35.82045687405107,34.364374225597345,47.82872869545604
MT_345,251.71095008051506,100.89573268921005,202.62177938808318,155.9562855833556,168.83319351024275,158.2167931312563,168.83319351024275,192.72701930916628
MT_346,53.79479377958078,0.0,37.65635564570655,29.150814622694337,23.347403310939523,26.491722633791863,23.347403310939523,33.93413751089525
MT_347,0.0,0.0,0.0,3.783971952476879,2.869434267282486,3.372429950863946,0.0,1.4882360350758699
MT_348,8.053577483892848,3.3909799932180413,6.400474737199052,6.625914042038663,5.8109910608389015,6.2493249365465005,3.3909799932180413,4.3025387622448354
MT_349,36.76224010731051,15.719315895372288,26.314134808853094,18.38715880238349,21.167106756981692,19.62452179592987,21.167106756981692,23.811080160852494
MT_350,159.6185737976783,60.89344941956898,119.22160033167513,98.32843583660359,93.2091822964238,94.45621969580844,93.2091822964238,106.3513929409263
MT_351,368.74999999999983,109.21296296296283,259.6666666666667,196.72704897197045,187.87644393355777,191.4774763429159,187.87644393355777,171.3647196796791
MT_352,17.26212803200797,27.186484121030276,19.017254313578366,21.764497747650008,22.251499916619423,21.961220258700482,19.017254313578366,24.58947763929785
MT_353,90.33568526833436,43.03640153944831,74.26435214881329,61.986683953973575,65.25116729817888,63.24927761056612,65.25116729817888,71.94119576172123
MT_354,20.95858383433531,11.533483633934528,17.644664328657292,15.624615592093159,16.332995482898983,15.844729529822947,17.644664328657292,18.536592150771074
MT_355,131.96029934043636,9.227549467275525,91.47165144596654,77.95307512330515,71.69301712639987,75.1360504234201,71.69301712639987,73.99777863590647
MT_356,6.510416666666668,4.138404392764856,5.724119832041342,3.2718050945286414,4.452865654799988,3.5442351150930533,6.510416666666668,9.223785914111035
MT_357,467.250631313131,108.90151515151456,340.2383207070704,176.97868867392265,189.17643290818341,180.535567524747,189.17643290818341,237.41194556502424
MT_358,156.63211057947893,17.85120946305152,114.31170255183405,97.9907546090895,87.7068366598791,91.27984481214155,87.7068366598791,99.70013421010951
MT_359,7.7902421652421525,6.202516619183283,5.7796177587844015,4.991487522945904,5.17434789199321,4.736806457767909,5.17434789199321,13.046972194514188
MT_360,86.18877923976612,88.3360745614035,75.44088084795317,67.05070423106962,81.40985081767481,73.25124053940222,81.40985081767481,76.81981795000428
MT_361,26.42457768260765,24.312990720913646,22.24601475136805,34.71339882075751,27.09938344903254,29.71046009331137,27.09938344903254,25.741259584126706
MT_362,1665.625,4163.838541666667,1450.2973958333332,3507.950515012743,3603.543497721354,3538.422694587978,1665.625,2420.200495765731
MT_363,434.68706047819995,365.3744725738391,412.9966596343176,233.35448219806335,303.9357613135659,263.9655492230052,263.9655492230052,380.0291806808209
MT_364,524.6212121212119,409.5643939393937,439.3465909090905,226.16334517252474,232.02263248327984,219.78913731045904,439.3465909090905,326.2778535698707
MT_365,35.77249022164276,18.008474576271208,28.919491525423766,22.031403121092023,21.81818931054049,21.93545703350041,35.77249022164276,28.983979103386577
MT_366,4.589672322995907,1.2799882972498537,3.455358884337821,2.0141745135644062,3.402528408938783,2.576600107426795,1.2799882972498537,2.8280487801358043
MT_367,72.97153936201349,52.0467515364355,63.93217734855136,40.36983414340357,57.850852850204284,47.70241005685262,52.0467515364355,55.19505890341485
MT_368,39.058152476349676,14.590289371174315,29.28665831942143,22.697537400829834,24.036708943765632,23.200214545422096,14.590289371174315,19.23326838436522
MT_369,46.18768328445746,49.72354594330401,44.28534335288367,36.4745330777261,39.905211231459184,37.99040624336642,39.905211231459184,48.66324382868108
MT_370,5225.788288288287,6668.918918918923,3043.0743243243273,2161.509389475436,2286.4019764393333,2136.037861899414,2136.037861899414,2935.5454228740236
